customer_id,account_name,contact_first,contact_last,contact_email,plan_tier,mrr_usd,tenure_days,last_nps,churn_score,support_tier
CUST-001000,Drew Richardson,Taylor,Garcia,taylor.garcia@icloud.example,starter,49,93,8,29,standard
CUST-001001,Alex Peterson,Aisha,Perez,aisha_perez@proton.example,starter,49,16,9,14,standard
CUST-001002,Chen James,Sana,Stewart,sanastewart@company.example,free,0,821,9,0,community
CUST-001003,Jamie Cox,Riley,James,rileyjames@icloud.example,starter,49,1816,8,12,standard
CUST-001004,Gravity Media Holdings,Devin,Bailey,devin_bailey@company.example,business,799,352,6,21,priority
CUST-001005,Alex Gray,Phoenix,Mitchell,phoenixmitchell@fastmail.example,free,0,76,4,33,community
CUST-001006,Indigo Carter,Indigo,Sanchez,indigo_sanchez@corp.example,pro,199,209,5,39,standard
CUST-001007,Jasmine Adams,Logan,Hill,logan_hill@company.example,pro,199,728,5,20,standard
CUST-001008,Phoenix Young,Jordan,Peterson,jordanpeterson@outlook.example,starter,49,1285,3,35,standard
CUST-001009,Priya Davis,Sana,Walker,sana.walker@icloud.example,free,0,427,6,37,community
CUST-001010,Logan Parker,Marcus,Adams,marcus_adams@corp.example,free,0,200,5,40,community
CUST-001011,Lin Collins,Skyler,Mitchell,skyler.mitchell@outlook.example,starter,49,2,9,6,standard
CUST-001012,Marcus Evans,Lex,Lopez,lex_lopez@corp.example,free,0,1622,5,5,community
CUST-001013,Morgan Ward,Lane,Rivera,lane_rivera@corp.example,free,0,350,8,33,community
CUST-001014,Lex Evans,Quinn,Rivera,quinn.rivera@outlook.example,free,0,326,4,44,community
CUST-001015,Marcus Collins,Jasmine,Anderson,jasmineanderson@yahoo.example,free,0,1204,6,14,community
CUST-001016,Riverstone Networks LLC,Kit,Walker,kit.walker@company.example,business,799,26,4,49,priority
CUST-001017,Kit Davis,Jamie,Martinez,jamie_martinez@gmail.example,free,0,370,8,20,community
CUST-001018,Maya Stewart,Devin,Baker,devin_baker@outlook.example,free,0,12,7,39,community
CUST-001019,Charlie Morgan,Avery,Garcia,avery.garcia@company.example,free,0,10,4,44,community
CUST-001020,Anya Johnson,Owen,Davis,owen.davis@gmail.example,starter,49,13,5,39,standard
CUST-001021,Cameron Hill,Mateus,Torres,mateus.torres@gmail.example,free,0,50,4,25,community
CUST-001022,Blake Smith,Riley,Ramirez,riley.ramirez@gmail.example,starter,49,428,4,35,standard
CUST-001023,Drew Bailey,Quinn,Moore,quinn_moore@proton.example,free,0,1580,5,22,community
CUST-001024,Phoenix Johnson,Drew,Allen,drew.allen@company.example,pro,199,789,6,21,standard
CUST-001025,Lin Moore,Hayden,Edwards,hayden.edwards@outlook.example,free,0,1681,9,4,community
CUST-001026,Reese Evans,Jamie,Johnson,jamiejohnson@company.example,pro,199,256,0,63,standard
CUST-001027,Elena Evans,Indigo,Morgan,indigomorgan@icloud.example,starter,49,14,4,31,standard
CUST-001028,Sage Hill,Reese,James,reese.james@proton.example,free,0,201,5,49,community
CUST-001029,Morgan Perez,Elena,Lopez,elena_lopez@proton.example,free,0,318,2,59,community
CUST-001030,Skyler Anderson,Elena,Sanchez,elenasanchez@outlook.example,starter,49,185,4,36,standard
CUST-001031,Gravity Logistics Studios,Priya,Roberts,priyaroberts@yahoo.example,business,799,1791,7,17,priority
CUST-001032,Hayden Peterson,Chen,Bailey,chenbailey@proton.example,free,0,16,8,19,community
CUST-001033,Sofia Anderson,Diego,Garcia,diegogarcia@outlook.example,pro,199,5,3,43,standard
CUST-001034,Quinn Peterson,Kit,Cox,kit.cox@proton.example,pro,199,282,2,41,standard
CUST-001035,Sam Martin,Jasmine,Gray,jasminegray@outlook.example,free,0,1210,4,10,community
CUST-001036,Ari Moore,Sofia,Bell,sofia_bell@proton.example,starter,49,360,9,33,standard
CUST-001037,Ari Richardson,Anya,Murphy,anyamurphy@icloud.example,pro,199,1822,2,18,standard
CUST-001038,Morgan Lopez,Maya,Rivera,mayarivera@corp.example,free,0,503,3,35,community
CUST-001039,Hayden Evans,Sam,Martin,sam.martin@gmail.example,pro,199,142,9,6,standard
CUST-001040,Sana Wright,Skyler,Cox,skyler.cox@fastmail.example,free,0,6,0,47,community
CUST-001041,Skyler Reed,Riley,Collins,riley.collins@icloud.example,starter,49,1535,3,18,standard
CUST-001042,Lex Moore,Sam,Carter,sam_carter@gmail.example,starter,49,1553,3,22,standard
CUST-001043,Morgan King,Noor,Gray,noorgray@yahoo.example,starter,49,495,4,52,standard
CUST-001044,Sage Morgan,Phoenix,Edwards,phoenix.edwards@fastmail.example,free,0,754,5,21,community
CUST-001045,Phoenix Richardson,Jamie,Rivera,jamierivera@icloud.example,free,0,1084,5,13,community
CUST-001046,Jamie Walker,Lex,Lee,lexlee@proton.example,free,0,870,4,31,community
CUST-001047,Jamie Phillips,Yuki,Lopez,yukilopez@gmail.example,starter,49,145,7,33,standard
CUST-001048,Devin Thomas,Quinn,Edwards,quinn_edwards@fastmail.example,starter,49,1767,5,20,standard
CUST-001049,Rowan Cooper,Jordan,Wright,jordanwright@yahoo.example,free,0,131,8,16,community
CUST-001050,Anya Stewart,Ravi,Stewart,ravistewart@outlook.example,starter,49,1517,5,10,standard
CUST-001051,Sana Bell,Cameron,Young,cameronyoung@company.example,starter,49,186,3,53,standard
CUST-001052,Sam Ramirez,Iris,Edwards,iris.edwards@corp.example,free,0,338,7,36,community
CUST-001053,Acme Robotics Industries,Wren,Baker,wrenbaker@icloud.example,enterprise,4999,1258,2,28,white_glove
CUST-001054,Blake Morgan,Lane,Collins,lanecollins@yahoo.example,starter,49,48,4,39,standard
CUST-001055,Jordan Bell,Reese,Richardson,reeserichardson@outlook.example,starter,49,228,0,64,standard
CUST-001056,Anya Rodriguez,Marcus,Collins,marcuscollins@corp.example,free,0,283,7,17,community
CUST-001057,Yardarm Outfitters Co-op,Alex,Gray,alexgray@fastmail.example,enterprise,4999,69,6,39,white_glove
CUST-001058,Kit Moore,Jamie,Stewart,jamiestewart@company.example,starter,49,1769,6,30,standard
CUST-001059,Owen Moore,Anya,Moore,anya_moore@icloud.example,free,0,4,7,42,community
CUST-001060,Kit Morgan,Priya,King,priya_king@outlook.example,free,0,1008,3,26,community
CUST-001061,Jamie Torres,Taylor,Bell,taylor_bell@yahoo.example,starter,49,653,6,40,standard
CUST-001062,Alex James,Taylor,Peterson,taylor_peterson@gmail.example,pro,199,206,6,16,standard
CUST-001063,Rowan Lee,Lin,Davis,lin.davis@outlook.example,free,0,212,8,27,community
CUST-001064,Sage Phillips,Priya,Martin,priyamartin@gmail.example,free,0,496,7,40,community
CUST-001065,Lex Stewart,Anya,Cox,anya_cox@gmail.example,free,0,6,9,23,community
CUST-001066,Casey Allen,Blake,Cox,blake.cox@yahoo.example,starter,49,145,7,33,standard
CUST-001067,Hiro Perez,Diego,King,diego.king@yahoo.example,free,0,997,3,26,community
CUST-001068,Alex Sanchez,Mateus,Howard,mateus.howard@corp.example,starter,49,334,4,49,standard
CUST-001069,Mateus Edwards,Iris,Hall,iris_hall@corp.example,free,0,1,6,46,community
CUST-001070,Yuki Johnson,Chen,Howard,chenhoward@corp.example,starter,49,719,10,28,standard
CUST-001071,Devin Edwards,Sam,Bailey,sam_bailey@gmail.example,free,0,642,1,44,community
CUST-001072,Sage Thomas,Rowan,Lopez,rowan.lopez@yahoo.example,starter,49,952,3,40,standard
CUST-001073,Riverstone Health Studios,Charlie,Watson,charliewatson@proton.example,business,799,1233,4,21,priority
CUST-001074,Summit Foods LLC,Indigo,Bell,indigo_bell@outlook.example,business,799,1704,9,0,priority
CUST-001075,Iris Adams,Anya,Edwards,anya.edwards@fastmail.example,free,0,602,6,31,community
CUST-001076,Diego Sanchez,Sana,Sanchez,sana.sanchez@yahoo.example,free,0,986,7,16,community
CUST-001077,Hayden Bailey,Charlie,Howard,charlie_howard@outlook.example,pro,199,256,10,4,standard
CUST-001078,Orbit Foods & Co.,Anya,Adams,anyaadams@fastmail.example,business,799,1008,7,22,priority
CUST-001079,Jamie Martin,Alex,Stewart,alex.stewart@yahoo.example,free,0,29,6,35,community
CUST-001080,Skyler Garcia,Morgan,Smith,morgansmith@company.example,free,0,455,5,24,community
CUST-001081,Skyler Stewart,Owen,Cook,owencook@yahoo.example,free,0,131,10,25,community
CUST-001082,Acme Energy Inc.,Cameron,Wilson,cameron_wilson@corp.example,enterprise,4999,1169,5,34,white_glove
CUST-001083,Sam Torres,Diego,James,diego_james@proton.example,starter,49,1200,3,31,standard
CUST-001084,Charlie Phillips,Casey,Torres,casey_torres@outlook.example,starter,49,1039,7,0,standard
CUST-001085,Aisha Peterson,Maya,Perez,maya_perez@yahoo.example,free,0,31,7,19,community
CUST-001086,Phoenix Brown,Reese,Cox,reese.cox@outlook.example,free,0,524,2,47,community
CUST-001087,Skyler Rivera,Phoenix,Walker,phoenixwalker@fastmail.example,free,0,583,9,33,community
CUST-001088,Reese Lopez,Owen,Watson,owenwatson@corp.example,free,0,156,7,34,community
CUST-001089,Sam Lopez,Blake,Rivera,blake_rivera@corp.example,free,0,668,5,41,community
CUST-001090,Meridian Analytics Studios,Theo,Walker,theo.walker@proton.example,business,799,960,2,18,priority
CUST-001091,Reese Ward,Charlie,Wilson,charlie.wilson@proton.example,starter,49,853,4,25,standard
CUST-001092,Indigo Green,Logan,Cox,logancox@company.example,starter,49,303,6,31,standard
CUST-001093,Sage Sanchez,Marcus,Torres,marcus.torres@yahoo.example,starter,49,16,4,47,standard
CUST-001094,Devin Hall,Drew,Peterson,drew.peterson@outlook.example,starter,49,200,10,19,standard
CUST-001095,Kit Rogers,Wren,Bell,wren_bell@outlook.example,free,0,295,10,5,community
CUST-001096,Lex Lopez,Owen,Johnson,owen_johnson@outlook.example,free,0,126,6,38,community
CUST-001097,Lin Garcia,Maya,Lee,maya.lee@fastmail.example,starter,49,342,10,25,standard
CUST-001098,Nimbus Outfitters Works,Marcus,Young,marcus.young@proton.example,business,799,9,7,33,priority
CUST-001099,Owen Allen,Devin,Wright,devin_wright@outlook.example,free,0,1208,4,36,community
CUST-001100,Jordan Green,Aisha,Nelson,aishanelson@corp.example,starter,49,1112,7,12,standard
CUST-001101,Casey Johnson,Taylor,Davis,taylordavis@gmail.example,free,0,495,7,26,community
CUST-001102,Hiro Walker,Hiro,Gray,hirogray@fastmail.example,starter,49,1485,1,24,standard
CUST-001103,Mateus Morgan,Jordan,Stewart,jordan.stewart@icloud.example,free,0,333,7,33,community
CUST-001104,Drew Green,Lane,Rodriguez,lanerodriguez@outlook.example,free,0,821,7,0,community
CUST-001105,Taylor Torres,Lex,Allen,lex_allen@outlook.example,starter,49,6,8,17,standard
CUST-001106,Forge Health LLC,Phoenix,Perez,phoenix_perez@corp.example,business,799,258,6,36,priority
CUST-001107,Taylor Sanchez,Reese,Allen,reese_allen@icloud.example,free,0,924,10,0,community
CUST-001108,Skyler Wright,Sam,Richardson,sam.richardson@company.example,free,0,420,2,33,community
CUST-001109,Gravity Capital Inc.,Owen,Sanchez,owensanchez@gmail.example,business,799,126,8,11,priority
CUST-001110,Anya Ward,Lex,Moore,lex_moore@company.example,pro,199,6,7,22,standard
CUST-001111,Drew Gray,Priya,Roberts,priyaroberts@corp.example,free,0,122,8,19,community
CUST-001112,Jordan King,Sam,Martin,sam.martin@fastmail.example,starter,49,1440,2,39,standard
CUST-001113,Aisha Roberts,Cameron,Cook,cameron.cook@proton.example,pro,199,1510,4,29,standard
CUST-001114,Taylor Perez,Ari,Morris,arimorris@outlook.example,free,0,821,9,0,community
CUST-001115,Sofia King,Aisha,Ramirez,aisha_ramirez@outlook.example,free,0,26,8,26,community
CUST-001116,Sofia Hall,Chen,Bell,chenbell@corp.example,starter,49,613,5,41,standard
CUST-001117,Theo Edwards,Ari,Gray,ari.gray@gmail.example,free,0,1,9,5,community
CUST-001118,Theo Ramirez,Aisha,Carter,aishacarter@proton.example,free,0,1008,7,20,community
CUST-001119,Elena Peterson,Cameron,Smith,cameron_smith@proton.example,pro,199,177,8,30,standard
CUST-001120,Element Foods Partners,Aisha,Watson,aisha.watson@corp.example,business,799,59,6,17,priority
CUST-001121,Sofia Rogers,Chen,Martinez,chen_martinez@proton.example,pro,199,11,10,19,standard
CUST-001122,Maya Garcia,Jamie,Rodriguez,jamie.rodriguez@icloud.example,free,0,478,2,35,community
CUST-001123,Casey Young,Diego,Cooper,diegocooper@corp.example,free,0,650,3,45,community
CUST-001124,Skyler King,Alex,Wright,alex.wright@yahoo.example,starter,49,128,5,23,standard
CUST-001125,Meridian Retail & Co.,Ari,Green,ari.green@fastmail.example,enterprise,4999,327,2,59,white_glove
CUST-001126,Jamie Rodriguez,Iris,Mitchell,iris.mitchell@gmail.example,free,0,114,3,38,community
CUST-001127,Lex Martin,Charlie,Davis,charliedavis@corp.example,free,0,472,7,17,community
CUST-001128,Wavelength Energy Solutions,Blake,Gray,blakegray@icloud.example,business,799,16,6,45,priority
CUST-001129,Ari Rivera,Reese,Wilson,reesewilson@gmail.example,free,0,914,4,36,community
CUST-001130,Logan Perez,Taylor,Collins,taylor.collins@outlook.example,free,0,124,9,23,community
CUST-001131,Quinn Morris,Devin,Howard,devinhoward@yahoo.example,starter,49,310,9,25,standard
CUST-001132,Iris Watson,Charlie,Bailey,charlie.bailey@gmail.example,free,0,79,6,35,community
CUST-001133,Drew Murphy,Diego,Ward,diego_ward@gmail.example,pro,199,222,3,31,standard
CUST-001134,Reese Sanchez,Marcus,Hill,marcus.hill@icloud.example,starter,49,471,6,40,standard
CUST-001135,Charlie Brown,Ravi,Collins,ravicollins@icloud.example,free,0,405,6,30,community
CUST-001136,Kit Jackson,Avery,Hall,averyhall@gmail.example,starter,49,859,4,21,standard
CUST-001137,Logan Gray,Rowan,Cook,rowan.cook@proton.example,free,0,1110,6,21,community
CUST-001138,Drew Cook,Indigo,Baker,indigo.baker@corp.example,free,0,115,2,36,community
CUST-001139,Logan Cook,Phoenix,Allen,phoenix.allen@corp.example,free,0,25,8,33,community
CUST-001140,Anya Sanchez,Lin,Wilson,lin.wilson@yahoo.example,free,0,1569,7,19,community
CUST-001141,Drew Hill,Phoenix,Cook,phoenix_cook@corp.example,starter,49,379,4,43,standard
CUST-001142,Wren Evans,Sage,Rogers,sage.rogers@gmail.example,free,0,8,6,18,community
CUST-001143,Forge Media Partners,Casey,Martinez,casey.martinez@proton.example,business,799,1312,10,0,priority
CUST-001144,Sofia Carter,Cameron,Lopez,cameronlopez@icloud.example,free,0,130,7,25,community
CUST-001145,Elena Wilson,Hayden,Cox,haydencox@fastmail.example,starter,49,1337,8,15,standard
CUST-001146,Kit Garcia,Alex,Peterson,alexpeterson@outlook.example,free,0,181,5,21,community
CUST-001147,Lin Cook,Aisha,Baker,aisha_baker@icloud.example,starter,49,13,8,11,standard
CUST-001148,Sana Nelson,Morgan,Adams,morganadams@gmail.example,starter,49,957,6,21,standard
CUST-001149,Jasmine Mitchell,Maya,Carter,mayacarter@fastmail.example,free,0,563,5,23,community
CUST-001150,Sage Walker,Diego,Adams,diegoadams@icloud.example,free,0,11,5,41,community
CUST-001151,Diego Torres,Diego,Lopez,diego_lopez@icloud.example,starter,49,245,5,45,standard
CUST-001152,Jasmine King,Aisha,Morris,aisha.morris@corp.example,free,0,330,10,24,community
CUST-001153,Marcus Watson,Mateus,Edwards,mateus.edwards@fastmail.example,free,0,1381,6,12,community
CUST-001154,Aisha Martin,Priya,Parker,priya.parker@fastmail.example,free,0,314,5,32,community
CUST-001155,Ravi Evans,Morgan,Rivera,morgan_rivera@icloud.example,free,0,47,6,27,community
CUST-001156,Nimbus Capital Solutions,Skyler,Cook,skylercook@icloud.example,business,799,14,4,46,priority
CUST-001157,Sage Rodriguez,Skyler,Carter,skyler.carter@company.example,pro,199,26,6,45,standard
CUST-001158,Logan Gray,Cameron,Campbell,cameroncampbell@outlook.example,starter,49,336,7,17,standard
CUST-001159,Cameron Ramirez,Taylor,Johnson,taylor.johnson@outlook.example,pro,199,64,10,29,standard
CUST-001160,Iris Torres,Mateus,James,mateusjames@corp.example,starter,49,268,4,46,standard
CUST-001161,Mateus Perez,Chen,Smith,chen_smith@icloud.example,starter,49,1421,4,24,standard
CUST-001162,Yuki Martinez,Devin,Perez,devin_perez@outlook.example,free,0,214,4,26,community
CUST-001163,Charlie Hill,Charlie,Stewart,charlie_stewart@fastmail.example,free,0,23,4,47,community
CUST-001164,Sana Parker,Kit,Martinez,kit_martinez@company.example,free,0,1527,2,27,community
CUST-001165,Jamie Martinez,Taylor,Walker,taylorwalker@fastmail.example,free,0,106,6,29,community
CUST-001166,Owen James,Lin,Lee,lin.lee@gmail.example,free,0,1149,3,23,community
CUST-001167,Aisha Thomas,Owen,Brown,owen.brown@fastmail.example,free,0,4,9,14,community
CUST-001168,Marcus Gray,Diego,Adams,diego.adams@corp.example,free,0,984,10,0,community
CUST-001169,Noor Cooper,Devin,Martin,devin.martin@icloud.example,starter,49,101,7,16,standard
CUST-001170,Jasmine Hill,Reese,Perez,reese_perez@outlook.example,free,0,294,7,17,community
CUST-001171,Phoenix Bailey,Reese,Parker,reeseparker@proton.example,free,0,11,9,26,community
CUST-001172,Lin Morgan,Lane,Howard,lanehoward@proton.example,starter,49,23,4,29,standard
CUST-001173,Sofia Cox,Priya,Martinez,priyamartinez@gmail.example,free,0,65,7,34,community
CUST-001174,Polaris Networks Co-op,Lex,Martin,lex.martin@gmail.example,business,799,4,10,23,priority
CUST-001175,Casey Rivera,Yuki,Johnson,yuki_johnson@proton.example,starter,49,1041,3,19,standard
CUST-001176,Jasmine Garcia,Priya,Garcia,priya.garcia@company.example,free,0,1480,9,12,community
CUST-001177,Iris Thomas,Wren,Allen,wren.allen@icloud.example,free,0,249,4,47,community
CUST-001178,Ravi Martinez,Lex,Ramirez,lex_ramirez@proton.example,starter,49,846,10,0,standard
CUST-001179,Taylor Peterson,Priya,Stewart,priya.stewart@gmail.example,free,0,1266,4,19,community
CUST-001180,Blake Campbell,Morgan,Lee,morganlee@fastmail.example,starter,49,91,5,29,standard
CUST-001181,Owen Thomas,Iris,Watson,iriswatson@icloud.example,free,0,171,7,36,community
CUST-001182,Anya Moore,Marcus,Cook,marcuscook@yahoo.example,free,0,23,6,44,community
CUST-001183,Priya Evans,Iris,Hill,irishill@proton.example,starter,49,1263,6,11,standard
CUST-001184,Cameron Rivera,Owen,Parker,owen.parker@corp.example,free,0,1213,1,29,community
CUST-001185,Wren Scott,Taylor,Sanchez,taylor.sanchez@gmail.example,free,0,567,3,42,community
CUST-001186,Lane Murphy,Alex,Nelson,alex.nelson@proton.example,pro,199,1768,7,21,standard
CUST-001187,Morgan King,Avery,Peterson,avery_peterson@fastmail.example,starter,49,1157,2,28,standard
CUST-001188,Yuki Lopez,Blake,Reed,blakereed@corp.example,pro,199,953,5,12,standard
CUST-001189,Beacon Outfitters LLC,Theo,Morris,theo_morris@yahoo.example,business,799,5,6,46,priority
CUST-001190,Jasmine Brown,Priya,King,priya.king@company.example,free,0,486,3,40,community
CUST-001191,Mateus Moore,Kit,Davis,kitdavis@proton.example,free,0,306,1,51,community
CUST-001192,Alex Hill,Lex,Bell,lex_bell@outlook.example,pro,199,888,9,16,standard
CUST-001193,Yuki Bell,Wren,Howard,wren_howard@icloud.example,pro,199,377,3,35,standard
CUST-001194,Rowan Adams,Theo,Johnson,theojohnson@gmail.example,starter,49,213,4,36,standard
CUST-001195,Quanta Capital LLC,Reese,Ramirez,reese.ramirez@corp.example,business,799,235,4,30,priority
CUST-001196,Sage Carter,Alex,Richardson,alex.richardson@icloud.example,starter,49,1044,5,8,standard
CUST-001197,Logan Hall,Blake,Mitchell,blake.mitchell@gmail.example,free,0,77,2,32,community
CUST-001198,Sage Rogers,Logan,Collins,logan.collins@gmail.example,starter,49,1604,4,34,standard
CUST-001199,Lex Ward,Riley,Watson,riley.watson@company.example,free,0,955,9,2,community
CUST-001200,Sana Smith,Jamie,Lopez,jamie.lopez@outlook.example,starter,49,976,7,2,standard
CUST-001201,Owen Morgan,Noor,Anderson,noor.anderson@yahoo.example,starter,49,1111,0,25,standard
CUST-001202,Mateus Young,Lane,Sanchez,lane.sanchez@outlook.example,pro,199,490,6,43,standard
CUST-001203,Chen Bell,Indigo,King,indigoking@fastmail.example,starter,49,44,7,40,standard
CUST-001204,Morgan Parker,Yuki,Parker,yuki.parker@icloud.example,starter,49,1052,4,31,standard
CUST-001205,Lane Morris,Elena,Hill,elenahill@icloud.example,free,0,1486,8,22,community
CUST-001206,Alex Ramirez,Jasmine,Young,jasmine_young@yahoo.example,free,0,533,6,26,community
CUST-001207,Iris Adams,Lex,King,lexking@fastmail.example,starter,49,12,8,14,standard
CUST-001208,Morgan Torres,Rowan,Parker,rowan_parker@company.example,starter,49,2,3,30,standard
CUST-001209,Lane Gray,Rowan,Edwards,rowan_edwards@icloud.example,free,0,1279,6,18,community
CUST-001210,Avery Morgan,Anya,James,anyajames@company.example,starter,49,70,6,23,standard
CUST-001211,Hiro Cox,Jamie,Davis,jamie_davis@proton.example,pro,199,123,2,61,standard
CUST-001212,Sofia Young,Taylor,Mitchell,taylor.mitchell@fastmail.example,starter,49,118,6,36,standard
CUST-001213,Anya Stewart,Casey,Cook,casey_cook@outlook.example,starter,49,588,3,43,standard
CUST-001214,Alex Cook,Lex,Thomas,lexthomas@gmail.example,free,0,2,9,17,community
CUST-001215,Jordan Cooper,Aisha,King,aisha_king@yahoo.example,pro,199,776,2,22,standard
CUST-001216,Sam Smith,Priya,Smith,priyasmith@outlook.example,free,0,218,6,43,community
CUST-001217,Iris Perez,Indigo,Wright,indigo.wright@corp.example,starter,49,199,6,41,standard
CUST-001218,Morgan Rodriguez,Skyler,Edwards,skyler.edwards@yahoo.example,free,0,336,4,31,community
CUST-001219,Cameron Martin,Anya,Jackson,anya.jackson@outlook.example,starter,49,1373,6,7,standard
CUST-001220,Diego Morris,Chen,Sanchez,chensanchez@company.example,free,0,63,8,34,community
CUST-001221,Mateus Ramirez,Blake,Howard,blake.howard@icloud.example,starter,49,384,8,8,standard
CUST-001222,Devin Reed,Sana,Cook,sana_cook@proton.example,starter,49,1288,6,10,standard
CUST-001223,Ravi Allen,Jordan,Bailey,jordan.bailey@company.example,pro,199,317,7,27,standard
CUST-001224,Ari Baker,Jordan,Bailey,jordan.bailey@corp.example,free,0,219,7,35,community
CUST-001225,Sage Allen,Kit,Davis,kit_davis@yahoo.example,free,0,49,6,34,community
CUST-001226,Logan Allen,Ravi,Howard,ravi_howard@fastmail.example,free,0,976,5,5,community
CUST-001227,Owen Collins,Wren,Martinez,wren_martinez@yahoo.example,free,0,641,9,32,community
CUST-001228,Phoenix Cook,Mateus,Parker,mateus.parker@proton.example,starter,49,417,10,4,standard
CUST-001229,Sofia Richardson,Chen,Lee,chen.lee@yahoo.example,free,0,24,6,28,community
CUST-001230,Kit Jackson,Ravi,Wright,ravi.wright@icloud.example,free,0,1000,7,19,community
CUST-001231,Marcus Ramirez,Rowan,Lee,rowan.lee@icloud.example,free,0,1242,9,18,community
CUST-001232,Yuki Green,Avery,Roberts,averyroberts@outlook.example,starter,49,138,0,48,standard
CUST-001233,Charlie Campbell,Marcus,Rivera,marcus.rivera@fastmail.example,pro,199,985,4,15,standard
CUST-001234,Rowan Thomas,Wren,Bailey,wren_bailey@outlook.example,pro,199,689,5,50,standard
CUST-001235,Indigo Martin,Indigo,Martinez,indigomartinez@proton.example,free,0,436,6,16,community
CUST-001236,Sana Allen,Hayden,Howard,hayden_howard@proton.example,starter,49,1132,8,11,standard
CUST-001237,Ravi Rodriguez,Marcus,Sanchez,marcus_sanchez@fastmail.example,starter,49,857,10,0,standard
CUST-001238,Iris Cooper,Hayden,Anderson,hayden_anderson@yahoo.example,starter,49,1407,6,5,standard
CUST-001239,Anya Reed,Chen,Peterson,chen.peterson@icloud.example,starter,49,213,4,46,standard
CUST-001240,Morgan Walker,Ravi,Lee,ravilee@corp.example,free,0,4,4,49,community
CUST-001241,Maya Stewart,Noor,Evans,noorevans@company.example,free,0,1718,6,1,community
CUST-001242,Avery Ramirez,Wren,Campbell,wren_campbell@corp.example,free,0,20,6,44,community
CUST-001243,Lin Watson,Ari,Hall,ari.hall@outlook.example,pro,199,1788,5,25,standard
CUST-001244,Sofia Green,Quinn,Adams,quinn.adams@gmail.example,pro,199,23,4,49,standard
CUST-001245,Iris Edwards,Reese,Reed,reese.reed@fastmail.example,free,0,292,1,57,community
CUST-001246,Owen Ward,Wren,Murphy,wrenmurphy@gmail.example,starter,49,31,9,26,standard
CUST-001247,Maya Perez,Maya,Bell,maya.bell@proton.example,pro,199,605,4,32,standard
CUST-001248,Ari Roberts,Owen,Smith,owen_smith@gmail.example,free,0,12,8,26,community
CUST-001249,Priya Morris,Sage,Cook,sagecook@fastmail.example,pro,199,86,3,36,standard
CUST-001250,Owen Rodriguez,Lin,Roberts,lin.roberts@company.example,pro,199,1771,3,32,standard
CUST-001251,Anya Watson,Rowan,Hill,rowan.hill@outlook.example,starter,49,1595,0,49,standard
CUST-001252,Lane Evans,Casey,Campbell,caseycampbell@company.example,free,0,596,7,42,community
CUST-001253,Kit Roberts,Charlie,Hill,charlie_hill@corp.example,free,0,1684,4,33,community
CUST-001254,Rowan Edwards,Jasmine,Rodriguez,jasmine.rodriguez@corp.example,free,0,723,3,56,community
CUST-001255,Lex Lee,Marcus,Campbell,marcuscampbell@proton.example,free,0,143,7,16,community
CUST-001256,Hiro Walker,Anya,Parker,anyaparker@fastmail.example,free,0,322,7,39,community
CUST-001257,Gravity Analytics Works,Ari,Howard,ari_howard@icloud.example,business,799,190,8,32,priority
CUST-001258,Rowan Gray,Iris,Hall,irishall@proton.example,starter,49,348,5,22,standard
CUST-001259,Priya Rogers,Noor,Stewart,noor.stewart@icloud.example,free,0,715,2,37,community
CUST-001260,Orbit Robotics Labs,Elena,Cook,elenacook@yahoo.example,business,799,942,5,13,priority
CUST-001261,Mateus Lee,Indigo,Cox,indigocox@fastmail.example,free,0,1625,10,5,community
CUST-001262,Lane Carter,Riley,Lopez,rileylopez@outlook.example,free,0,667,7,13,community
CUST-001263,Elena Garcia,Sana,Green,sanagreen@icloud.example,free,0,9,5,31,community
CUST-001264,Charlie Richardson,Taylor,Baker,taylorbaker@proton.example,starter,49,1221,8,3,standard
CUST-001265,Maya Parker,Noor,Rodriguez,noorrodriguez@yahoo.example,starter,49,747,9,0,standard
CUST-001266,Lumen Media Holdings,Jamie,Martin,jamiemartin@corp.example,enterprise,4999,210,6,44,white_glove
CUST-001267,Theo Green,Anya,Baker,anyabaker@company.example,pro,199,2,5,40,standard
CUST-001268,Polaris Media Group,Elena,Howard,elena.howard@gmail.example,business,799,1136,8,6,priority
CUST-001269,Drew Hill,Kit,Evans,kit_evans@fastmail.example,pro,199,105,10,28,standard
CUST-001270,Skyler Edwards,Logan,Cooper,logan_cooper@fastmail.example,starter,49,339,7,22,standard
CUST-001271,Avery Lopez,Reese,Davis,reese_davis@yahoo.example,free,0,107,5,21,community
CUST-001272,Kit Parker,Chen,Evans,chen.evans@outlook.example,starter,49,1106,7,27,standard
CUST-001273,Yuki Martinez,Sam,Green,sam.green@outlook.example,pro,199,1017,2,22,standard
CUST-001274,Blake Anderson,Ravi,Roberts,ravi.roberts@proton.example,starter,49,1402,2,38,standard
CUST-001275,Jasmine Davis,Elena,Morgan,elena_morgan@fastmail.example,free,0,1636,6,24,community
CUST-001276,Sage James,Ravi,Collins,ravi_collins@icloud.example,free,0,26,9,18,community
CUST-001277,Lane Bell,Reese,Martinez,reesemartinez@proton.example,free,0,1369,4,26,community
CUST-001278,Sage Scott,Sage,Garcia,sage.garcia@proton.example,pro,199,322,9,32,standard
CUST-001279,Junction Energy Partners,Devin,Wilson,devinwilson@yahoo.example,business,799,1126,7,3,priority
CUST-001280,Priya Morris,Indigo,Peterson,indigo.peterson@company.example,starter,49,494,3,30,standard
CUST-001281,Blake Wilson,Sage,Collins,sagecollins@gmail.example,pro,199,7,7,28,standard
CUST-001282,Jordan King,Wren,Garcia,wrengarcia@gmail.example,free,0,118,6,44,community
CUST-001283,Iris Bailey,Reese,Morgan,reese_morgan@gmail.example,free,0,408,7,29,community
CUST-001284,Hiro Cox,Avery,Hill,averyhill@fastmail.example,starter,49,39,5,30,standard
CUST-001285,Iris Morris,Charlie,Richardson,charlie_richardson@proton.example,starter,49,62,4,28,standard
CUST-001286,Riley Morgan,Riley,Mitchell,riley.mitchell@corp.example,free,0,488,7,30,community
CUST-001287,Owen Richardson,Cameron,King,cameron_king@gmail.example,free,0,288,7,42,community
CUST-001288,Jamie Adams,Rowan,Hall,rowan_hall@icloud.example,free,0,1644,5,7,community
CUST-001289,Anya Baker,Owen,Green,owengreen@icloud.example,free,0,935,2,19,community
CUST-001290,Jordan Cooper,Phoenix,Brown,phoenixbrown@proton.example,free,0,28,10,20,community
CUST-001291,Marcus Murphy,Sofia,Smith,sofiasmith@corp.example,free,0,1810,3,31,community
CUST-001292,Jamie Ramirez,Rowan,Collins,rowancollins@outlook.example,free,0,30,9,29,community
CUST-001293,Jordan Brown,Jordan,Nelson,jordan.nelson@yahoo.example,free,0,526,7,35,community
CUST-001294,Skyler Martinez,Jasmine,Bailey,jasmine.bailey@outlook.example,free,0,92,3,38,community
CUST-001295,Aisha Thomas,Iris,Perez,iris_perez@yahoo.example,starter,49,704,4,48,standard
CUST-001296,Diego Cox,Owen,Morris,owenmorris@outlook.example,starter,49,1234,10,0,standard
CUST-001297,Hayden Richardson,Kit,Green,kitgreen@yahoo.example,starter,49,890,8,3,standard
CUST-001298,Quinn Howard,Yuki,Walker,yukiwalker@fastmail.example,starter,49,876,4,27,standard
CUST-001299,Jamie Ramirez,Lane,Davis,lanedavis@icloud.example,free,0,973,5,16,community
CUST-001300,Charlie Richardson,Sana,Lee,sana.lee@gmail.example,free,0,9,5,49,community
CUST-001301,Avery Parker,Diego,Brown,diego.brown@fastmail.example,pro,199,196,4,27,standard
CUST-001302,Owen Brown,Diego,Bell,diego_bell@yahoo.example,starter,49,1712,5,6,standard
CUST-001303,Sam Bailey,Wren,Walker,wrenwalker@corp.example,free,0,936,8,0,community
CUST-001304,Priya Morgan,Lin,Martin,lin_martin@company.example,free,0,160,1,43,community
CUST-001305,Lane Rivera,Taylor,Wilson,taylor.wilson@company.example,starter,49,42,4,27,standard
CUST-001306,Skyler Gray,Marcus,Parker,marcus_parker@corp.example,pro,199,1227,4,24,standard
CUST-001307,Jamie Rodriguez,Hiro,Ramirez,hiroramirez@company.example,free,0,430,4,52,community
CUST-001308,Hayden Martin,Sage,Garcia,sage_garcia@yahoo.example,starter,49,137,6,44,standard
CUST-001309,Lane Roberts,Jasmine,Parker,jasmineparker@yahoo.example,free,0,316,5,41,community
CUST-001310,Reese Perez,Wren,Richardson,wren.richardson@company.example,pro,199,48,9,28,standard
CUST-001311,Owen Allen,Wren,Peterson,wren.peterson@yahoo.example,free,0,311,10,11,community
CUST-001312,Summit Analytics Partners,Noor,Nelson,noornelson@fastmail.example,business,799,61,0,62,priority
CUST-001313,Devin Scott,Lin,Martinez,lin_martinez@gmail.example,pro,199,1057,8,17,standard
CUST-001314,Hiro Parker,Taylor,Young,tayloryoung@proton.example,free,0,1284,5,14,community
CUST-001315,Quinn Scott,Ravi,Edwards,ravi.edwards@gmail.example,starter,49,265,10,22,standard
CUST-001316,Diego Lopez,Mateus,Wright,mateus.wright@company.example,pro,199,42,9,20,standard
CUST-001317,Hiro Brown,Mateus,Mitchell,mateus_mitchell@icloud.example,starter,49,1487,8,0,standard
CUST-001318,Charlie Murphy,Alex,Allen,alex_allen@outlook.example,free,0,1402,5,11,community
CUST-001319,Delta Capital Corp.,Hiro,Baker,hiro_baker@outlook.example,enterprise,4999,60,4,32,white_glove
CUST-001320,Avery Walker,Lex,Jackson,lex_jackson@gmail.example,free,0,188,4,45,community
CUST-001321,Alex Morgan,Logan,Rivera,loganrivera@gmail.example,free,0,228,0,48,community
CUST-001322,Kit Evans,Maya,Ward,mayaward@proton.example,free,0,754,8,0,community
CUST-001323,Aisha Rogers,Avery,Collins,avery_collins@corp.example,starter,49,64,6,20,standard
CUST-001324,Charlie Sanchez,Chen,Murphy,chen.murphy@outlook.example,pro,199,151,4,27,standard
CUST-001325,Iris Smith,Lane,Cook,lanecook@gmail.example,free,0,478,6,30,community
CUST-001326,Jamie Baker,Iris,Walker,iriswalker@corp.example,free,0,630,6,16,community
CUST-001327,Noor Gray,Noor,King,noor.king@icloud.example,free,0,58,5,44,community
CUST-001328,Marcus Peterson,Lane,Wilson,lane_wilson@company.example,free,0,19,8,34,community
CUST-001329,Zenith Foods Corp.,Priya,Edwards,priyaedwards@fastmail.example,business,799,236,6,39,priority
CUST-001330,Alex Collins,Drew,Johnson,drew_johnson@fastmail.example,free,0,703,4,51,community
CUST-001331,Zenith Networks Systems,Indigo,Torres,indigotorres@gmail.example,business,799,2,3,36,priority
CUST-001332,Maya Lee,Sana,Jackson,sanajackson@fastmail.example,free,0,21,1,44,community
CUST-001333,Junction Analytics Inc.,Taylor,Gray,taylorgray@fastmail.example,business,799,375,3,52,priority
CUST-001334,Lane Rodriguez,Cameron,Green,cameron_green@yahoo.example,pro,199,147,5,48,standard
CUST-001335,Owen Moore,Lane,Evans,lane_evans@yahoo.example,starter,49,763,5,32,standard
CUST-001336,Element Analytics Systems,Yuki,Adams,yuki_adams@corp.example,business,799,71,2,50,priority
CUST-001337,Yuki Lopez,Sana,Moore,sana.moore@yahoo.example,free,0,1355,8,0,community
CUST-001338,Indigo Bailey,Theo,Scott,theo.scott@fastmail.example,starter,49,810,5,27,standard
CUST-001339,Reese Bailey,Jordan,Martinez,jordan.martinez@proton.example,starter,49,87,10,0,standard
CUST-001340,Drew Wright,Sam,Cook,sam.cook@gmail.example,free,0,560,5,42,community
CUST-001341,Maya Cox,Lane,Allen,lane.allen@gmail.example,free,0,11,8,22,community
CUST-001342,Blake Cook,Casey,Hall,casey_hall@fastmail.example,pro,199,17,4,43,standard
CUST-001343,Ravi Lee,Quinn,Garcia,quinngarcia@gmail.example,free,0,913,4,38,community
CUST-001344,Sam Ramirez,Riley,Rodriguez,riley.rodriguez@proton.example,free,0,894,4,39,community
CUST-001345,Hayden Johnson,Jordan,Rodriguez,jordan_rodriguez@outlook.example,starter,49,1034,5,34,standard
CUST-001346,Riley Evans,Skyler,Murphy,skyler.murphy@company.example,starter,49,1024,8,15,standard
CUST-001347,Rowan Rodriguez,Riley,Phillips,riley.phillips@corp.example,starter,49,493,7,14,standard
CUST-001348,Taylor Allen,Theo,Walker,theo.walker@outlook.example,free,0,1321,6,12,community
CUST-001349,Hayden Reed,Phoenix,Adams,phoenixadams@yahoo.example,starter,49,321,9,21,standard
CUST-001350,Theo Collins,Rowan,Smith,rowan.smith@icloud.example,starter,49,1056,7,22,standard
CUST-001351,Blake Edwards,Devin,Martinez,devin.martinez@proton.example,pro,199,12,5,43,standard
CUST-001352,Lumen Robotics Works,Theo,Peterson,theo.peterson@fastmail.example,enterprise,4999,3,5,44,white_glove
CUST-001353,Kit Moore,Indigo,Young,indigo.young@company.example,starter,49,101,10,6,standard
CUST-001354,Lin Sanchez,Drew,Martinez,drew.martinez@fastmail.example,free,0,604,9,4,community
CUST-001355,Noor Bell,Marcus,Lee,marcus_lee@corp.example,starter,49,1000,5,11,standard
CUST-001356,Chen Howard,Indigo,Parker,indigoparker@yahoo.example,free,0,1493,2,17,community
CUST-001357,Lin Watson,Diego,Richardson,diego_richardson@yahoo.example,free,0,896,5,15,community
CUST-001358,Diego Cooper,Hiro,Allen,hiroallen@outlook.example,starter,49,301,7,22,standard
CUST-001359,Hayden Roberts,Anya,Green,anya_green@gmail.example,starter,49,1593,6,23,standard
CUST-001360,Noor Martinez,Jamie,Campbell,jamie.campbell@icloud.example,free,0,322,8,33,community
CUST-001361,Wren Watson,Cameron,Hill,cameron.hill@gmail.example,free,0,370,5,28,community
CUST-001362,Anya Green,Yuki,Gray,yuki_gray@outlook.example,free,0,330,7,37,community
CUST-001363,Delta Media Labs,Maya,Roberts,mayaroberts@proton.example,business,799,178,10,23,priority
CUST-001364,Reese Young,Blake,Smith,blake.smith@proton.example,pro,199,158,10,23,standard
CUST-001365,Avery Stewart,Cameron,Sanchez,cameron_sanchez@proton.example,free,0,4,7,17,community
CUST-001366,Taylor Rogers,Mateus,Morris,mateus_morris@company.example,free,0,1058,7,4,community
CUST-001367,Avery Stewart,Sofia,Morgan,sofia.morgan@gmail.example,pro,199,125,8,21,standard
CUST-001368,Iris Johnson,Anya,Rodriguez,anyarodriguez@yahoo.example,free,0,1434,3,13,community
CUST-001369,Kit Howard,Lane,James,lanejames@fastmail.example,free,0,350,8,22,community
CUST-001370,Quinn Moore,Priya,Cooper,priya.cooper@fastmail.example,free,0,1189,7,3,community
CUST-001371,Marcus Cox,Jamie,Baker,jamie_baker@yahoo.example,free,0,799,7,13,community
CUST-001372,Devin Sanchez,Jordan,Sanchez,jordan.sanchez@gmail.example,starter,49,291,7,42,standard
CUST-001373,Jasmine Brown,Hiro,Martin,hiro.martin@yahoo.example,starter,49,801,5,25,standard
CUST-001374,Phoenix Baker,Alex,Ward,alex.ward@corp.example,free,0,311,3,38,community
CUST-001375,Acme Foods Holdings,Lin,Johnson,lin_johnson@proton.example,business,799,1094,7,20,priority
CUST-001376,Gravity Robotics Co-op,Indigo,Bell,indigobell@corp.example,business,799,1596,8,11,priority
CUST-001377,Riley Richardson,Lane,Cox,lanecox@gmail.example,starter,49,1764,6,11,standard
CUST-001378,Wren Jackson,Morgan,Anderson,morgan_anderson@gmail.example,free,0,929,8,17,community
CUST-001379,Quinn Allen,Kit,Reed,kit_reed@fastmail.example,free,0,508,4,46,community
CUST-001380,Devin Brown,Maya,Johnson,mayajohnson@gmail.example,free,0,62,7,40,community
CUST-001381,Phoenix Cooper,Casey,Adams,casey.adams@corp.example,free,0,585,8,25,community
CUST-001382,Element Outfitters Co-op,Sofia,Jackson,sofia.jackson@fastmail.example,business,799,1524,8,22,priority
CUST-001383,Ari Collins,Anya,Cox,anyacox@fastmail.example,free,0,448,4,44,community
CUST-001384,Aisha Richardson,Reese,Rogers,reeserogers@gmail.example,starter,49,180,5,48,standard
CUST-001385,Logan Morris,Priya,Ward,priya_ward@outlook.example,free,0,1435,4,36,community
CUST-001386,Drew Young,Sage,Moore,sage_moore@gmail.example,free,0,167,3,39,community
CUST-001387,Chen Garcia,Morgan,Green,morgan_green@proton.example,pro,199,726,9,5,standard
CUST-001388,Mateus Garcia,Alex,Brown,alex.brown@icloud.example,starter,49,1740,6,22,standard
CUST-001389,Jasmine Bailey,Hayden,Ramirez,hayden_ramirez@proton.example,free,0,251,8,27,community
CUST-001390,Mateus Wilson,Drew,Sanchez,drew_sanchez@icloud.example,starter,49,817,8,16,standard
CUST-001391,Anya Howard,Jasmine,Edwards,jasmine.edwards@outlook.example,free,0,17,9,6,community
CUST-001392,Morgan Johnson,Lex,Evans,lex_evans@corp.example,starter,49,42,7,24,standard
CUST-001393,Lin Lopez,Aisha,Ward,aishaward@corp.example,free,0,890,9,17,community
CUST-001394,Devin Nelson,Blake,Allen,blake.allen@fastmail.example,starter,49,119,6,23,standard
CUST-001395,Ari Edwards,Indigo,Davis,indigodavis@gmail.example,free,0,72,10,19,community
CUST-001396,Morgan Rivera,Devin,Reed,devinreed@yahoo.example,pro,199,1017,9,18,standard
CUST-001397,Aisha Hall,Taylor,Torres,taylor.torres@proton.example,free,0,30,8,33,community
CUST-001398,Avery Gray,Riley,Perez,riley.perez@outlook.example,pro,199,519,7,19,standard
CUST-001399,Theo Rivera,Yuki,Wilson,yuki.wilson@corp.example,starter,49,1442,5,21,standard
CUST-001400,Phoenix Jackson,Rowan,Evans,rowan.evans@fastmail.example,starter,49,1320,2,36,standard
CUST-001401,Quinn Reed,Jasmine,Allen,jasmineallen@outlook.example,free,0,307,4,32,community
CUST-001402,Sofia Cooper,Charlie,Rogers,charlie_rogers@fastmail.example,free,0,1806,6,22,community
CUST-001403,Logan Garcia,Sage,Richardson,sagerichardson@gmail.example,starter,49,152,6,27,standard
CUST-001404,Lumen Manufacturing Studios,Sage,Bailey,sagebailey@corp.example,business,799,149,10,26,priority
CUST-001405,Hayden Walker,Noor,Moore,noor_moore@fastmail.example,pro,199,16,8,14,standard
CUST-001406,Noor Carter,Chen,Richardson,chen.richardson@outlook.example,starter,49,829,7,27,standard
CUST-001407,Charlie Bailey,Drew,Stewart,drew_stewart@company.example,pro,199,256,6,23,standard
CUST-001408,Morgan Wright,Noor,Phillips,noor_phillips@corp.example,free,0,151,6,18,community
CUST-001409,Riley Anderson,Rowan,Carter,rowancarter@proton.example,free,0,218,6,20,community
CUST-001410,Anya Watson,Jamie,Hall,jamiehall@icloud.example,free,0,241,6,29,community
CUST-001411,Owen Allen,Kit,Young,kityoung@icloud.example,free,0,9,9,31,community
CUST-001412,Chen Evans,Diego,Howard,diego_howard@icloud.example,free,0,91,8,34,community
CUST-001413,Hayden Cooper,Marcus,Martinez,marcusmartinez@outlook.example,starter,49,853,7,8,standard
CUST-001414,Alex Torres,Elena,Cook,elenacook@icloud.example,starter,49,174,4,36,standard
CUST-001415,Lin Nelson,Devin,Brown,devin_brown@gmail.example,free,0,943,6,6,community
CUST-001416,Reese Richardson,Noor,Wilson,noor_wilson@company.example,free,0,1199,2,32,community
CUST-001417,Ari Mitchell,Taylor,Watson,taylorwatson@company.example,free,0,569,3,48,community
CUST-001418,Sage Lee,Yuki,Lopez,yuki_lopez@outlook.example,free,0,430,6,26,community
CUST-001419,Cameron Sanchez,Diego,Anderson,diego.anderson@company.example,pro,199,20,6,27,standard
CUST-001420,Skyler Green,Anya,Nelson,anyanelson@yahoo.example,free,0,615,8,17,community
CUST-001421,Avery Hall,Riley,Brown,riley_brown@icloud.example,pro,199,1337,5,22,standard
CUST-001422,Sana Wright,Marcus,Scott,marcus_scott@fastmail.example,free,0,1283,6,1,community
CUST-001423,Owen Cooper,Logan,Gray,logan_gray@corp.example,free,0,57,2,61,community
CUST-001424,Skyler Anderson,Diego,Martin,diegomartin@corp.example,starter,49,64,6,44,standard
CUST-001425,Keystone Capital LLC,Avery,Parker,averyparker@company.example,business,799,63,7,24,priority
CUST-001426,Summit Capital & Co.,Cameron,Rodriguez,cameron_rodriguez@company.example,business,799,222,9,18,priority
CUST-001427,Ravi Smith,Reese,Roberts,reese_roberts@gmail.example,free,0,143,6,29,community
CUST-001428,Devin Rodriguez,Avery,Cook,avery_cook@fastmail.example,free,0,554,7,19,community
CUST-001429,Marcus Garcia,Avery,Collins,avery_collins@fastmail.example,free,0,1127,6,18,community
CUST-001430,Maya Campbell,Blake,Walker,blake_walker@outlook.example,starter,49,66,7,37,standard
CUST-001431,Skyler Scott,Aisha,Martin,aishamartin@corp.example,free,0,12,9,10,community
CUST-001432,Maya Phillips,Avery,Hill,avery_hill@fastmail.example,free,0,1439,5,19,community
CUST-001433,Indigo Rogers,Chen,Murphy,chen_murphy@corp.example,starter,49,1586,2,34,standard
CUST-001434,Mateus Moore,Elena,James,elena_james@corp.example,starter,49,436,5,23,standard
CUST-001435,Rowan Carter,Elena,Bell,elena_bell@outlook.example,pro,199,1263,8,0,standard
CUST-001436,Lin Bailey,Ravi,Thomas,ravi_thomas@outlook.example,free,0,930,4,15,community
CUST-001437,Marcus Collins,Chen,Murphy,chen_murphy@fastmail.example,free,0,1226,3,39,community
CUST-001438,Rowan Perez,Devin,Perez,devin.perez@company.example,pro,199,48,5,43,standard
CUST-001439,Sana Smith,Sofia,Rodriguez,sofia.rodriguez@yahoo.example,free,0,12,5,24,community
CUST-001440,Sana Perez,Hayden,Rodriguez,hayden.rodriguez@fastmail.example,starter,49,405,4,33,standard
CUST-001441,Avery Richardson,Indigo,Smith,indigo_smith@corp.example,free,0,16,4,49,community
CUST-001442,Aisha Martinez,Theo,James,theo_james@fastmail.example,free,0,767,5,20,community
CUST-001443,Charlie Lee,Sofia,Moore,sofia.moore@yahoo.example,starter,49,1357,5,11,standard
CUST-001444,Hiro Evans,Marcus,Parker,marcus_parker@gmail.example,free,0,987,4,15,community
CUST-001445,Morgan Reed,Jamie,Scott,jamie_scott@icloud.example,free,0,1564,6,28,community
CUST-001446,Elena Carter,Logan,Morgan,logan_morgan@gmail.example,starter,49,44,7,19,standard
CUST-001447,Cameron Edwards,Ravi,Morgan,ravi.morgan@proton.example,pro,199,48,5,22,standard
CUST-001448,Theo Ramirez,Maya,Morris,mayamorris@yahoo.example,starter,49,14,3,49,standard
CUST-001449,Elena Rivera,Diego,Nelson,diego.nelson@proton.example,starter,49,88,4,44,standard
CUST-001450,Delta Retail & Co.,Marcus,Adams,marcusadams@corp.example,enterprise,4999,667,5,27,white_glove
CUST-001451,Morgan Rivera,Mateus,Perez,mateus.perez@proton.example,pro,199,522,10,23,standard
CUST-001452,Logan Gray,Jordan,Anderson,jordan_anderson@proton.example,free,0,365,4,44,community
CUST-001453,Sam Wright,Yuki,Reed,yukireed@company.example,free,0,380,6,36,community
CUST-001454,Owen Cook,Rowan,Allen,rowan_allen@company.example,free,0,1090,5,11,community
CUST-001455,Charlie Murphy,Reese,Torres,reese.torres@outlook.example,starter,49,1050,4,13,standard
CUST-001456,Elena Anderson,Priya,Hall,priya.hall@gmail.example,pro,199,30,7,24,standard
CUST-001457,Quinn Martin,Riley,Evans,riley_evans@yahoo.example,free,0,12,8,30,community
CUST-001458,Devin Roberts,Yuki,Green,yuki.green@icloud.example,pro,199,627,4,54,standard
CUST-001459,Skyler Murphy,Noor,King,noorking@company.example,free,0,1372,4,30,community
CUST-001460,Gravity Media Systems,Hayden,Richardson,hayden_richardson@yahoo.example,enterprise,4999,1051,7,0,white_glove
CUST-001461,Kit Richardson,Cameron,Brown,cameron.brown@outlook.example,pro,199,1209,10,11,standard
CUST-001462,Ari Wright,Sam,Wilson,sam_wilson@yahoo.example,free,0,220,8,33,community
CUST-001463,Priya Thomas,Avery,Mitchell,averymitchell@gmail.example,starter,49,786,0,41,standard
CUST-001464,Drew Gray,Rowan,Edwards,rowan_edwards@outlook.example,pro,199,20,5,50,standard
CUST-001465,Alex Brown,Drew,Brown,drewbrown@gmail.example,starter,49,828,5,32,standard
CUST-001466,Rowan Gray,Avery,Wilson,averywilson@proton.example,starter,49,6,5,46,standard
CUST-001467,Sofia Gray,Jasmine,Cook,jasminecook@fastmail.example,free,0,515,7,28,community
CUST-001468,Delta Manufacturing Partners,Alex,Watson,alexwatson@gmail.example,enterprise,4999,300,5,31,white_glove
CUST-001469,Sana Collins,Chen,Morgan,chen.morgan@proton.example,starter,49,1580,7,12,standard
CUST-001470,Ravi Perez,Sana,Murphy,sana.murphy@outlook.example,pro,199,340,9,26,standard
CUST-001471,Maya Adams,Lane,Rodriguez,lane.rodriguez@yahoo.example,pro,199,128,5,31,standard
CUST-001472,Mateus Cook,Phoenix,Evans,phoenix.evans@fastmail.example,free,0,319,8,23,community
CUST-001473,Maya Rodriguez,Lex,King,lexking@proton.example,free,0,1735,4,34,community
CUST-001474,Elena Carter,Jamie,Phillips,jamie_phillips@company.example,starter,49,92,7,38,standard
CUST-001475,Marcus Allen,Iris,Watson,iriswatson@gmail.example,free,0,213,2,47,community
CUST-001476,Hiro Thomas,Noor,Hill,noor_hill@corp.example,pro,199,265,4,45,standard
CUST-001477,Theo Bell,Wren,Reed,wren.reed@corp.example,starter,49,72,3,57,standard
CUST-001478,Sana Roberts,Chen,Garcia,chengarcia@gmail.example,starter,49,521,1,46,standard
CUST-001479,Elena Mitchell,Sam,Rogers,sam_rogers@corp.example,starter,49,30,9,15,standard
CUST-001480,Casey Rodriguez,Avery,Sanchez,avery_sanchez@gmail.example,starter,49,263,2,38,standard
CUST-001481,Aisha Torres,Jordan,Young,jordan_young@outlook.example,starter,49,1018,8,2,standard
CUST-001482,Elena Young,Sofia,Davis,sofia.davis@gmail.example,pro,199,770,3,25,standard
CUST-001483,Logan Evans,Maya,Hall,maya.hall@icloud.example,free,0,401,5,41,community
CUST-001484,Chen Roberts,Mateus,Bell,mateus.bell@fastmail.example,starter,49,908,6,29,standard
CUST-001485,Kit Brown,Sam,Torres,sam.torres@corp.example,starter,49,665,3,46,standard
CUST-001486,Noor Wright,Cameron,Bell,cameronbell@icloud.example,free,0,26,3,39,community
CUST-001487,Chen Murphy,Sam,Lee,sam_lee@company.example,free,0,232,9,8,community
CUST-001488,Forge Logistics Solutions,Kit,Martinez,kit.martinez@proton.example,enterprise,4999,854,10,0,white_glove
CUST-001489,Riley Gray,Taylor,Lopez,taylorlopez@proton.example,starter,49,325,7,18,standard
CUST-001490,Yardarm Foods LLC,Chen,Carter,chen_carter@yahoo.example,business,799,303,6,21,priority
CUST-001491,Maya Thomas,Sage,Garcia,sage.garcia@yahoo.example,free,0,1806,4,36,community
CUST-001492,Taylor Ramirez,Phoenix,James,phoenixjames@outlook.example,starter,49,214,3,50,standard
CUST-001493,Logan Anderson,Yuki,Edwards,yukiedwards@fastmail.example,starter,49,335,4,34,standard
CUST-001494,Lane Martin,Hiro,James,hiro_james@icloud.example,free,0,352,9,26,community
CUST-001495,Gravity Outfitters Studios,Phoenix,Roberts,phoenix.roberts@icloud.example,business,799,182,6,19,priority
CUST-001496,Lin Smith,Morgan,Wright,morgan.wright@outlook.example,starter,49,157,7,26,standard
CUST-001497,Vector Media Industries,Alex,Martinez,alex_martinez@icloud.example,enterprise,4999,354,7,19,white_glove
CUST-001498,Blake Bailey,Devin,Thomas,devin.thomas@outlook.example,free,0,1762,2,18,community
CUST-001499,Logan Davis,Phoenix,Rivera,phoenix.rivera@gmail.example,starter,49,1082,5,5,standard
CUST-001500,Anya Lopez,Kit,Martinez,kit_martinez@company.example,free,0,60,5,34,community
CUST-001501,Logan Rodriguez,Sage,Roberts,sageroberts@icloud.example,pro,199,1139,10,13,standard
CUST-001502,Lane Morris,Jamie,Garcia,jamie_garcia@gmail.example,free,0,1350,10,0,community
CUST-001503,Taylor Morris,Indigo,Rivera,indigo_rivera@fastmail.example,free,0,181,6,38,community
CUST-001504,Priya King,Hiro,Martin,hiro.martin@gmail.example,starter,49,1395,6,23,standard
CUST-001505,Maya Perez,Skyler,Wright,skylerwright@gmail.example,starter,49,16,9,33,standard
CUST-001506,Taylor Jackson,Theo,Richardson,theorichardson@icloud.example,free,0,1242,5,21,community
CUST-001507,Avery Watson,Sage,Morris,sage_morris@proton.example,free,0,138,8,30,community
CUST-001508,Wren Nelson,Jasmine,Peterson,jasmine_peterson@company.example,starter,49,681,7,22,standard
CUST-001509,Blake Rivera,Noor,Collins,noor.collins@outlook.example,free,0,79,8,38,community
CUST-001510,Sam Morgan,Cameron,Peterson,cameron.peterson@outlook.example,free,0,20,6,25,community
CUST-001511,Lane Davis,Jasmine,Collins,jasminecollins@gmail.example,free,0,103,7,18,community
CUST-001512,Phoenix Nelson,Taylor,Bailey,taylor.bailey@proton.example,starter,49,1024,6,23,standard
CUST-001513,Alex Roberts,Wren,Peterson,wrenpeterson@proton.example,starter,49,1054,6,13,standard
CUST-001514,Rowan Wilson,Alex,Gray,alexgray@gmail.example,free,0,19,4,33,community
CUST-001515,Mateus Watson,Jamie,Lopez,jamielopez@corp.example,free,0,1630,8,0,community
CUST-001516,Diego Rodriguez,Blake,Jackson,blakejackson@gmail.example,starter,49,200,3,58,standard
CUST-001517,Alex Wilson,Diego,Rogers,diego_rogers@fastmail.example,starter,49,1674,9,15,standard
CUST-001518,Marcus Parker,Morgan,Lee,morganlee@proton.example,starter,49,765,8,7,standard
CUST-001519,Lin Bell,Sage,Martin,sage_martin@icloud.example,starter,49,785,5,6,standard
CUST-001520,Casey Perez,Sam,Lee,samlee@fastmail.example,free,0,364,9,12,community
CUST-001521,Owen Rivera,Riley,Edwards,rileyedwards@fastmail.example,free,0,1045,8,0,community
CUST-001522,Sage Howard,Jamie,Green,jamie_green@proton.example,free,0,19,6,39,community
CUST-001523,Noor Cox,Ari,Carter,ari.carter@proton.example,pro,199,788,10,0,standard
CUST-001524,Diego Roberts,Ravi,Morris,ravi.morris@icloud.example,pro,199,1694,4,16,standard
CUST-001525,Cobalt Manufacturing LLC,Maya,Sanchez,maya.sanchez@icloud.example,enterprise,4999,152,5,26,white_glove
CUST-001526,Skyler Perez,Theo,Nelson,theo_nelson@corp.example,free,0,966,7,21,community
CUST-001527,Riley Roberts,Chen,Richardson,chen.richardson@outlook.example,free,0,697,3,55,community
CUST-001528,Morgan Cook,Avery,Edwards,avery_edwards@outlook.example,free,0,1611,6,1,community
CUST-001529,Elena Hall,Sam,Stewart,samstewart@outlook.example,starter,49,172,10,17,standard
CUST-001530,Sofia Lee,Noor,Rivera,noor.rivera@fastmail.example,free,0,121,4,45,community
CUST-001531,Chen King,Lex,Evans,lex_evans@proton.example,starter,49,1192,10,13,standard
CUST-001532,Cameron Evans,Wren,Torres,wren.torres@corp.example,free,0,111,8,36,community
CUST-001533,Hiro James,Chen,Davis,chen_davis@yahoo.example,starter,49,5,7,30,standard
CUST-001534,Kit Brown,Marcus,Rodriguez,marcus_rodriguez@fastmail.example,starter,49,1048,7,17,standard
CUST-001535,Jamie Jackson,Phoenix,Morris,phoenixmorris@corp.example,pro,199,28,5,35,standard
CUST-001536,Noor Hall,Ravi,Collins,ravi_collins@gmail.example,free,0,1372,5,24,community
CUST-001537,Yardarm Outfitters Inc.,Elena,Morris,elenamorris@corp.example,business,799,364,8,28,priority
CUST-001538,Sam Bell,Maya,King,maya.king@outlook.example,starter,49,1523,6,2,standard
CUST-001539,Marcus Torres,Noor,Ramirez,noor.ramirez@proton.example,free,0,993,9,0,community
CUST-001540,Indigo Jackson,Priya,Hill,priyahill@fastmail.example,free,0,22,8,29,community
CUST-001541,Drew Walker,Kit,Bailey,kit_bailey@outlook.example,free,0,1671,8,5,community
CUST-001542,Ravi Campbell,Morgan,Scott,morgan_scott@icloud.example,pro,199,1620,10,0,standard
CUST-001543,Quinn Moore,Owen,Baker,owen.baker@fastmail.example,free,0,104,2,53,community
CUST-001544,Lin Mitchell,Priya,Carter,priya.carter@icloud.example,pro,199,22,6,44,standard
CUST-001545,Lin Bell,Iris,Moore,iris.moore@company.example,free,0,716,5,38,community
CUST-001546,Jasmine Torres,Sofia,James,sofia_james@yahoo.example,pro,199,23,5,38,standard
CUST-001547,Reese Gray,Noor,Bell,noor_bell@fastmail.example,starter,49,1595,3,16,standard
CUST-001548,Sage Gray,Casey,Ramirez,casey_ramirez@company.example,starter,49,6,8,36,standard
CUST-001549,Lane Carter,Riley,King,rileyking@yahoo.example,starter,49,1053,8,20,standard
CUST-001550,Wren Anderson,Aisha,Hill,aishahill@corp.example,free,0,616,5,21,community
CUST-001551,Wren Martin,Jasmine,Ward,jasmine_ward@company.example,starter,49,549,4,40,standard
CUST-001552,Owen Campbell,Chen,Gray,chen.gray@corp.example,free,0,22,5,43,community
CUST-001553,Marcus Cooper,Kit,Hill,kit_hill@proton.example,starter,49,11,7,21,standard
CUST-001554,Diego Richardson,Priya,Brown,priya.brown@proton.example,starter,49,939,8,0,standard
CUST-001555,Logan Roberts,Hiro,Ramirez,hiro_ramirez@proton.example,starter,49,11,5,27,standard
CUST-001556,Avery Parker,Drew,Bell,drew_bell@yahoo.example,free,0,1174,10,15,community
CUST-001557,Taylor Carter,Taylor,Morgan,taylor.morgan@proton.example,free,0,681,8,29,community
CUST-001558,Morgan Evans,Drew,Cook,drew_cook@proton.example,starter,49,118,4,34,standard
CUST-001559,Anya James,Lane,Howard,lane_howard@company.example,free,0,690,5,40,community
CUST-001560,Drew Wright,Devin,James,devin_james@proton.example,starter,49,872,6,19,standard
CUST-001561,Lex Martin,Maya,Lopez,maya_lopez@proton.example,free,0,1347,6,12,community
CUST-001562,Jasmine Campbell,Kit,Cox,kit.cox@icloud.example,starter,49,258,8,11,standard
CUST-001563,Skyler Reed,Sam,Cook,sam_cook@proton.example,free,0,314,6,27,community
CUST-001564,Charlie Bell,Sam,King,sam.king@corp.example,free,0,1348,5,20,community
CUST-001565,Reese Anderson,Sofia,Young,sofia.young@fastmail.example,free,0,29,4,24,community
CUST-001566,Riley Parker,Diego,Morris,diego_morris@outlook.example,free,0,1810,4,24,community
CUST-001567,Owen James,Yuki,Scott,yuki_scott@icloud.example,free,0,809,3,35,community
CUST-001568,Hiro Wilson,Morgan,Hall,morgan_hall@gmail.example,pro,199,26,1,55,standard
CUST-001569,Kit Carter,Alex,Stewart,alexstewart@fastmail.example,free,0,1333,10,0,community
CUST-001570,Orbit Capital Systems,Kit,Baker,kit.baker@fastmail.example,enterprise,4999,13,6,18,white_glove
CUST-001571,Aisha Garcia,Skyler,Davis,skylerdavis@yahoo.example,pro,199,21,6,19,standard
CUST-001572,Maya Anderson,Lin,Thomas,linthomas@yahoo.example,starter,49,684,8,38,standard
CUST-001573,Sofia Sanchez,Marcus,Murphy,marcus.murphy@icloud.example,free,0,1167,6,21,community
CUST-001574,Lane Lopez,Wren,Rogers,wren.rogers@proton.example,starter,49,220,4,32,standard
CUST-001575,Blake Evans,Rowan,Baker,rowan_baker@corp.example,free,0,48,7,41,community
CUST-001576,Quinn Nelson,Taylor,Wilson,taylor_wilson@yahoo.example,free,0,1,6,19,community
CUST-001577,Rowan Gray,Drew,Torres,drewtorres@icloud.example,free,0,81,6,33,community
CUST-001578,Noor Hall,Casey,Davis,casey.davis@proton.example,starter,49,1276,5,31,standard
CUST-001579,Quanta Health Inc.,Jordan,Garcia,jordangarcia@yahoo.example,enterprise,4999,190,5,23,white_glove
CUST-001580,Junction Energy Partners,Sam,Cox,sam.cox@fastmail.example,business,799,508,4,35,priority
CUST-001581,Owen Carter,Drew,Wright,drew.wright@proton.example,free,0,28,6,22,community
CUST-001582,Meridian Robotics Systems,Lex,Brown,lexbrown@outlook.example,enterprise,4999,348,7,20,white_glove
CUST-001583,Sana Edwards,Devin,Morgan,devinmorgan@gmail.example,pro,199,89,4,38,standard
CUST-001584,Sana Baker,Reese,Hill,reese.hill@corp.example,free,0,1488,6,21,community
CUST-001585,Hiro Hill,Riley,Bailey,rileybailey@yahoo.example,free,0,5,6,18,community
CUST-001586,Indigo Gray,Jasmine,Sanchez,jasminesanchez@icloud.example,starter,49,9,8,26,standard
CUST-001587,Anya Young,Kit,Brown,kit_brown@gmail.example,free,0,2,6,37,community
CUST-001588,Rowan Campbell,Lin,Parker,lin.parker@corp.example,free,0,1237,3,14,community
CUST-001589,Maya Morgan,Marcus,Evans,marcus_evans@icloud.example,starter,49,491,8,14,standard
CUST-001590,Jamie Scott,Lin,Parker,lin.parker@proton.example,free,0,5,7,27,community
CUST-001591,Lin Bell,Sam,Gray,sam.gray@icloud.example,starter,49,730,9,11,standard
CUST-001592,Beacon Networks Labs,Casey,Watson,casey.watson@corp.example,business,799,1293,2,43,priority
CUST-001593,Hayden Parker,Jamie,Richardson,jamierichardson@corp.example,starter,49,1053,6,5,standard
CUST-001594,Marcus Hall,Yuki,Peterson,yuki_peterson@company.example,free,0,359,7,20,community
CUST-001595,Skyler Evans,Sofia,Morgan,sofia.morgan@gmail.example,free,0,18,6,22,community
CUST-001596,Phoenix Roberts,Logan,Smith,logan.smith@corp.example,free,0,309,9,31,community
CUST-001597,Owen Ward,Charlie,Thomas,charlie_thomas@fastmail.example,starter,49,351,0,62,standard
CUST-001598,Lane Scott,Hayden,Garcia,hayden.garcia@proton.example,starter,49,418,10,28,standard
CUST-001599,Jordan Anderson,Wren,Hall,wrenhall@icloud.example,starter,49,559,10,10,standard
CUST-001600,Element Networks Inc.,Reese,Brown,reesebrown@company.example,business,799,921,10,0,priority
CUST-001601,Diego Wilson,Taylor,Lee,taylor.lee@proton.example,starter,49,6,4,52,standard
CUST-001602,Devin Reed,Wren,Cox,wren.cox@icloud.example,free,0,285,4,38,community
CUST-001603,Kit Garcia,Jasmine,Davis,jasmine.davis@company.example,free,0,330,4,31,community
CUST-001604,Phoenix King,Kit,Sanchez,kitsanchez@icloud.example,free,0,1062,8,3,community
CUST-001605,Morgan Gray,Anya,Scott,anya_scott@icloud.example,starter,49,1064,4,31,standard
CUST-001606,Reese Mitchell,Phoenix,Walker,phoenixwalker@yahoo.example,free,0,1601,10,13,community
CUST-001607,Ravi Bell,Lin,Hall,linhall@company.example,free,0,302,9,11,community
CUST-001608,Ravi Hall,Taylor,Jackson,taylor_jackson@gmail.example,pro,199,424,7,17,standard
CUST-001609,Owen Torres,Iris,Lee,irislee@fastmail.example,free,0,30,7,19,community
CUST-001610,Indigo Retail LLC,Wren,Collins,wren.collins@yahoo.example,business,799,148,7,21,priority
CUST-001611,Delta Robotics LLC,Hayden,Collins,hayden_collins@corp.example,enterprise,4999,22,5,25,white_glove
CUST-001612,Charlie Mitchell,Maya,Scott,maya.scott@icloud.example,free,0,100,7,34,community
CUST-001613,Cameron Roberts,Lane,Martinez,lane.martinez@fastmail.example,free,0,43,5,32,community
CUST-001614,Hiro Rodriguez,Theo,Cook,theocook@icloud.example,pro,199,1082,1,31,standard
CUST-001615,Devin Moore,Jasmine,Hill,jasmine.hill@company.example,pro,199,380,10,30,standard
CUST-001616,Charlie Gray,Devin,James,devin_james@fastmail.example,pro,199,24,6,22,standard
CUST-001617,Riley Mitchell,Sam,Nelson,sam.nelson@yahoo.example,pro,199,314,5,23,standard
CUST-001618,Drew Cox,Diego,Hall,diego_hall@gmail.example,starter,49,960,2,45,standard
CUST-001619,Marcus Ramirez,Sana,Allen,sanaallen@yahoo.example,free,0,1241,8,18,community
CUST-001620,Sofia Martinez,Aisha,Campbell,aisha_campbell@fastmail.example,free,0,224,5,37,community
CUST-001621,Sage Smith,Aisha,Stewart,aishastewart@fastmail.example,pro,199,319,0,40,standard
CUST-001622,Charlie Rivera,Priya,Anderson,priyaanderson@proton.example,starter,49,1578,5,8,standard
CUST-001623,Wren Hall,Rowan,Adams,rowan.adams@corp.example,free,0,260,9,29,community
CUST-001624,Gravity Foods Solutions,Jamie,Cooper,jamie.cooper@fastmail.example,enterprise,4999,748,3,20,white_glove
CUST-001625,Polaris Networks Holdings,Chen,Moore,chen.moore@fastmail.example,business,799,165,8,35,priority
CUST-001626,Devin Hall,Theo,Lopez,theo_lopez@proton.example,free,0,203,9,30,community
CUST-001627,Sam Campbell,Iris,Adams,irisadams@outlook.example,pro,199,1567,5,29,standard
CUST-001628,Zenith Robotics Co-op,Drew,Johnson,drewjohnson@icloud.example,business,799,10,5,49,priority
CUST-001629,Hiro Murphy,Hayden,Wright,hayden.wright@proton.example,free,0,1562,9,10,community
CUST-001630,Charlie Carter,Yuki,Baker,yuki_baker@proton.example,free,0,1034,7,0,community
CUST-001631,Owen Ward,Rowan,Adams,rowanadams@company.example,free,0,11,8,32,community
CUST-001632,Quanta Manufacturing Co-op,Cameron,Garcia,cameron.garcia@gmail.example,business,799,355,4,54,priority
CUST-001633,Quinn Lopez,Rowan,Hill,rowan.hill@corp.example,free,0,895,5,22,community
CUST-001634,Lex Parker,Yuki,Gray,yuki_gray@yahoo.example,free,0,30,7,38,community
CUST-001635,Hiro King,Lin,Nelson,lin.nelson@yahoo.example,free,0,553,5,39,community
CUST-001636,Anya Parker,Lane,Murphy,lane_murphy@corp.example,free,0,25,10,2,community
CUST-001637,Cobalt Analytics Holdings,Owen,Cox,owencox@company.example,business,799,63,7,39,priority
CUST-001638,Reese Stewart,Cameron,Stewart,cameron.stewart@company.example,starter,49,362,7,18,standard
CUST-001639,Lane Watson,Reese,Phillips,reese_phillips@fastmail.example,free,0,881,4,23,community
CUST-001640,Owen Young,Wren,Rivera,wrenrivera@icloud.example,free,0,5,7,22,community
CUST-001641,Marcus Bailey,Priya,Bell,priyabell@gmail.example,free,0,278,5,44,community
CUST-001642,Elena Lopez,Jasmine,Morgan,jasmine.morgan@corp.example,starter,49,384,4,39,standard
CUST-001643,Casey Hall,Charlie,Walker,charliewalker@outlook.example,free,0,1598,4,26,community
CUST-001644,Reese Scott,Noor,Reed,noor.reed@fastmail.example,starter,49,1608,8,14,standard
CUST-001645,Lex Thomas,Theo,Stewart,theostewart@yahoo.example,starter,49,290,5,34,standard
CUST-001646,Ravi Garcia,Alex,Brown,alex.brown@yahoo.example,starter,49,330,7,36,standard
CUST-001647,Maya Watson,Wren,Anderson,wren.anderson@outlook.example,free,0,140,6,21,community
CUST-001648,Hayden Mitchell,Elena,Jackson,elena_jackson@icloud.example,starter,49,103,7,32,standard
CUST-001649,Lane Hill,Marcus,Davis,marcusdavis@company.example,pro,199,20,6,27,standard
CUST-001650,Jamie Bailey,Owen,Brown,owen.brown@yahoo.example,starter,49,205,5,30,standard
CUST-001651,Lex Carter,Charlie,Torres,charlie_torres@gmail.example,free,0,736,8,4,community
CUST-001652,Hayden Adams,Sana,Hill,sanahill@fastmail.example,free,0,211,3,45,community
CUST-001653,Hiro Rivera,Jamie,Adams,jamie_adams@outlook.example,free,0,24,7,29,community
CUST-001654,Avery Watson,Casey,Parker,casey_parker@gmail.example,pro,199,26,3,51,standard
CUST-001655,Maya Reed,Yuki,Rodriguez,yuki_rodriguez@corp.example,starter,49,1710,8,2,standard
CUST-001656,Hiro Phillips,Kit,Martin,kit_martin@yahoo.example,starter,49,675,4,24,standard
CUST-001657,Drew Parker,Rowan,Davis,rowan_davis@fastmail.example,starter,49,1312,9,0,standard
CUST-001658,Chen Johnson,Rowan,Gray,rowan_gray@company.example,free,0,1165,4,30,community
CUST-001659,Morgan Roberts,Skyler,Bailey,skyler.bailey@icloud.example,free,0,118,8,17,community
CUST-001660,Marcus Cox,Logan,Gray,logangray@icloud.example,free,0,493,8,30,community
CUST-001661,Elena Smith,Maya,Edwards,maya.edwards@fastmail.example,pro,199,243,5,48,standard
CUST-001662,Zenith Retail Labs,Marcus,Bell,marcus_bell@yahoo.example,enterprise,4999,1463,5,15,white_glove
CUST-001663,Lex Wright,Priya,Campbell,priya.campbell@corp.example,free,0,9,3,36,community
CUST-001664,Vector Analytics Group,Yuki,Brown,yuki_brown@outlook.example,business,799,267,6,41,priority
CUST-001665,Aisha Edwards,Sofia,Roberts,sofia_roberts@gmail.example,pro,199,197,2,44,standard
CUST-001666,Noor Martin,Reese,Lee,reeselee@yahoo.example,free,0,511,2,56,community
CUST-001667,Quinn Parker,Ravi,Perez,ravi.perez@company.example,free,0,259,7,38,community
CUST-001668,Avery Wright,Ravi,Cook,ravi_cook@fastmail.example,free,0,799,3,25,community
CUST-001669,Alex Peterson,Owen,Jackson,owenjackson@company.example,pro,199,1204,5,24,standard
CUST-001670,Phoenix Richardson,Anya,Brown,anya_brown@company.example,free,0,102,6,36,community
CUST-001671,Iris Nelson,Wren,Anderson,wren.anderson@icloud.example,starter,49,29,8,33,standard
CUST-001672,Zenith Energy Studios,Jasmine,Perez,jasmine_perez@proton.example,enterprise,4999,1024,4,34,white_glove
CUST-001673,Taylor Lopez,Taylor,Peterson,taylor_peterson@proton.example,free,0,89,6,42,community
CUST-001674,Theo Adams,Sage,Cox,sage.cox@icloud.example,free,0,180,3,57,community
CUST-001675,Drew Cook,Charlie,Reed,charlie_reed@fastmail.example,free,0,315,10,2,community
CUST-001676,Elena Young,Priya,Murphy,priyamurphy@proton.example,starter,49,373,4,27,standard
CUST-001677,Aisha Bell,Logan,Richardson,logan_richardson@proton.example,pro,199,1143,6,13,standard
CUST-001678,Priya Stewart,Cameron,Garcia,cameron.garcia@outlook.example,starter,49,417,5,41,standard
CUST-001679,Riverstone Outfitters Systems,Drew,Morgan,drewmorgan@gmail.example,enterprise,4999,847,9,14,white_glove
CUST-001680,Logan King,Marcus,Green,marcusgreen@yahoo.example,pro,199,90,4,27,standard
CUST-001681,Xenon Media & Co.,Lex,Edwards,lexedwards@corp.example,business,799,393,7,39,priority
CUST-001682,Helix Logistics & Co.,Logan,Wilson,loganwilson@yahoo.example,business,799,859,6,22,priority
CUST-001683,Acme Logistics LLC,Theo,Martin,theo.martin@outlook.example,business,799,1781,7,22,priority
CUST-001684,Priya Stewart,Aisha,Moore,aisha_moore@proton.example,free,0,279,6,31,community
CUST-001685,Yuki Bell,Ravi,Garcia,ravi_garcia@gmail.example,free,0,278,4,54,community
CUST-001686,Jasmine Anderson,Theo,Martin,theo.martin@company.example,free,0,22,10,6,community
CUST-001687,Aisha Thomas,Hayden,Howard,hayden.howard@proton.example,starter,49,725,6,41,standard
CUST-001688,Alex Walker,Ravi,Martin,ravi_martin@company.example,free,0,263,7,19,community
CUST-001689,Chen Morris,Jasmine,Reed,jasminereed@icloud.example,free,0,985,3,25,community
CUST-001690,Summit Retail Partners,Iris,Phillips,iris_phillips@outlook.example,business,799,318,8,24,priority
CUST-001691,Avery Rivera,Noor,Sanchez,noorsanchez@outlook.example,free,0,30,6,36,community
CUST-001692,Reese Garcia,Phoenix,Lee,phoenix.lee@company.example,free,0,314,4,54,community
CUST-001693,Logan Carter,Morgan,Gray,morgan.gray@corp.example,pro,199,1506,4,37,standard
CUST-001694,Element Energy Corp.,Sage,Cook,sagecook@company.example,enterprise,4999,203,7,27,white_glove
CUST-001695,Ari Moore,Indigo,Morgan,indigomorgan@outlook.example,free,0,24,9,26,community
CUST-001696,Logan Moore,Lin,Green,lingreen@icloud.example,starter,49,263,4,34,standard
CUST-001697,Helix Robotics Co-op,Ravi,Richardson,ravi.richardson@icloud.example,business,799,1033,7,10,priority
CUST-001698,Aisha Adams,Rowan,Morgan,rowanmorgan@yahoo.example,free,0,334,7,33,community
CUST-001699,Meridian Networks Industries,Sage,Wilson,sagewilson@fastmail.example,business,799,97,6,21,priority
CUST-001700,Charlie Mitchell,Hayden,Martinez,haydenmartinez@company.example,free,0,1323,4,34,community
CUST-001701,Charlie Davis,Lin,Bailey,lin.bailey@company.example,starter,49,524,5,21,standard
CUST-001702,Reese Lopez,Theo,Green,theogreen@outlook.example,free,0,634,1,64,community
CUST-001703,Drew Bailey,Rowan,Cox,rowan_cox@gmail.example,starter,49,1806,2,46,standard
CUST-001704,Noor Evans,Lex,Brown,lex_brown@yahoo.example,starter,49,1108,4,35,standard
CUST-001705,Theo Jackson,Skyler,Reed,skyler.reed@icloud.example,starter,49,353,4,45,standard
CUST-001706,Kit Murphy,Lane,Jackson,lane.jackson@corp.example,starter,49,286,6,41,standard
CUST-001707,Hayden Collins,Sage,Carter,sage.carter@company.example,free,0,29,7,35,community
CUST-001708,Casey Lee,Taylor,Johnson,taylorjohnson@gmail.example,free,0,261,1,60,community
CUST-001709,Jasmine Rogers,Diego,Nelson,diegonelson@gmail.example,free,0,16,9,30,community
CUST-001710,Wren Brown,Quinn,Rivera,quinn.rivera@outlook.example,starter,49,169,8,16,standard
CUST-001711,Casey Phillips,Noor,Mitchell,noor_mitchell@icloud.example,free,0,92,7,16,community
CUST-001712,Diego Garcia,Lin,Cook,lincook@proton.example,starter,49,1218,4,37,standard
CUST-001713,Morgan Ramirez,Aisha,Ramirez,aisharamirez@yahoo.example,free,0,1477,5,23,community
CUST-001714,Jamie Thomas,Elena,Ramirez,elena_ramirez@outlook.example,free,0,279,1,37,community
CUST-001715,Wren Hall,Lex,Parker,lex.parker@fastmail.example,starter,49,651,4,30,standard
CUST-001716,Acme Outfitters Studios,Jordan,Murphy,jordan.murphy@icloud.example,enterprise,4999,850,1,35,white_glove
CUST-001717,Taylor Hill,Chen,Hall,chen_hall@icloud.example,free,0,1189,7,13,community
CUST-001718,Wren Rogers,Diego,Perez,diegoperez@icloud.example,starter,49,851,4,9,standard
CUST-001719,Devin Walker,Rowan,Anderson,rowan.anderson@proton.example,free,0,1272,6,28,community
CUST-001720,Alex Wilson,Lex,Bailey,lexbailey@corp.example,starter,49,1062,6,15,standard
CUST-001721,Ari Howard,Rowan,Brown,rowanbrown@fastmail.example,free,0,254,4,49,community
CUST-001722,Diego Watson,Logan,Cooper,logan_cooper@company.example,starter,49,1530,6,5,standard
CUST-001723,Sage Peterson,Elena,Perez,elena_perez@outlook.example,free,0,1068,3,17,community
CUST-001724,Devin Walker,Indigo,Carter,indigo.carter@outlook.example,starter,49,1797,7,12,standard
CUST-001725,Sana Collins,Noor,Walker,noorwalker@corp.example,free,0,1565,7,0,community
CUST-001726,Jamie Richardson,Diego,Adams,diego.adams@gmail.example,free,0,378,4,26,community
CUST-001727,Jordan Scott,Hayden,Ward,haydenward@yahoo.example,pro,199,971,7,22,standard
CUST-001728,Avery Bailey,Hayden,Richardson,haydenrichardson@yahoo.example,starter,49,1762,6,2,standard
CUST-001729,Taylor Hall,Jamie,Ramirez,jamie_ramirez@yahoo.example,starter,49,929,5,14,standard
CUST-001730,Lex Peterson,Lane,Bailey,lane.bailey@yahoo.example,free,0,118,7,34,community
CUST-001731,Lin Bailey,Elena,Martinez,elena_martinez@yahoo.example,free,0,233,10,10,community
CUST-001732,Logan Carter,Mateus,Bailey,mateus_bailey@yahoo.example,free,0,249,9,24,community
CUST-001733,Reese Nelson,Cameron,Morgan,cameron_morgan@corp.example,pro,199,731,5,15,standard
CUST-001734,Devin Rivera,Owen,Carter,owen_carter@icloud.example,free,0,1292,7,16,community
CUST-001735,Sage Reed,Elena,Davis,elena.davis@fastmail.example,pro,199,654,4,36,standard
CUST-001736,Morgan Ward,Noor,Morris,noormorris@proton.example,starter,49,123,10,8,standard
CUST-001737,Priya Mitchell,Indigo,Green,indigogreen@outlook.example,free,0,19,4,41,community
CUST-001738,Drew Murphy,Jordan,Collins,jordancollins@gmail.example,pro,199,1475,0,46,standard
CUST-001739,Riley Davis,Chen,Murphy,chenmurphy@gmail.example,starter,49,1536,10,0,standard
CUST-001740,Orbit Foods Inc.,Lin,Garcia,lingarcia@proton.example,business,799,334,8,10,priority
CUST-001741,Phoenix Garcia,Casey,Green,casey_green@icloud.example,starter,49,212,5,35,standard
CUST-001742,Taylor Smith,Skyler,Stewart,skylerstewart@proton.example,free,0,7,7,22,community
CUST-001743,Quinn Rodriguez,Elena,Perez,elena_perez@proton.example,pro,199,1784,5,27,standard
CUST-001744,Vector Outfitters Holdings,Jasmine,Wilson,jasminewilson@gmail.example,business,799,298,9,17,priority
CUST-001745,Chen Rivera,Jamie,Wilson,jamie.wilson@company.example,free,0,23,10,28,community
CUST-001746,Aisha Martin,Theo,Edwards,theo.edwards@corp.example,free,0,775,2,44,community
CUST-001747,Blake Rivera,Ravi,Green,ravi.green@fastmail.example,pro,199,3,10,16,standard
CUST-001748,Aisha Rivera,Devin,Perez,devin_perez@proton.example,free,0,79,4,36,community
CUST-001749,Wren Davis,Drew,Brown,drew.brown@corp.example,free,0,387,3,33,community
CUST-001750,Casey Richardson,Logan,Reed,logan.reed@outlook.example,starter,49,769,7,18,standard
CUST-001751,Reese Mitchell,Chen,Lee,chen.lee@gmail.example,starter,49,376,5,47,standard
CUST-001752,Priya Murphy,Ari,Scott,ari.scott@gmail.example,free,0,1122,4,23,community
CUST-001753,Sana Roberts,Hiro,Evans,hiro.evans@yahoo.example,free,0,29,3,37,community
CUST-001754,Elena Peterson,Riley,Bell,riley.bell@company.example,starter,49,966,5,25,standard
CUST-001755,Hiro Martinez,Hiro,Rogers,hiro_rogers@outlook.example,free,0,1381,6,9,community
CUST-001756,Chen Walker,Mateus,Adams,mateus.adams@corp.example,free,0,823,9,19,community
CUST-001757,Jordan Baker,Diego,Rodriguez,diegorodriguez@yahoo.example,free,0,6,8,20,community
CUST-001758,Chen Nelson,Indigo,King,indigo_king@icloud.example,free,0,89,5,34,community
CUST-001759,Lane Allen,Ravi,Ward,raviward@fastmail.example,starter,49,13,3,39,standard
CUST-001760,Zenith Capital Co-op,Elena,Morgan,elena_morgan@gmail.example,business,799,1645,6,14,priority
CUST-001761,Lin Phillips,Casey,Howard,casey_howard@icloud.example,free,0,3,5,24,community
CUST-001762,Elena Campbell,Reese,Allen,reese_allen@corp.example,free,0,58,3,36,community
CUST-001763,Priya Carter,Quinn,Scott,quinn_scott@proton.example,free,0,238,10,21,community
CUST-001764,Priya Martin,Theo,Parker,theo.parker@corp.example,free,0,826,4,24,community
CUST-001765,Jordan Smith,Kit,Cook,kit_cook@corp.example,pro,199,799,9,0,standard
CUST-001766,Blake Cooper,Kit,Lopez,kit_lopez@company.example,free,0,229,7,38,community
CUST-001767,Charlie Green,Drew,Cook,drew.cook@corp.example,pro,199,1121,8,3,standard
CUST-001768,Rowan Thomas,Hiro,Anderson,hiroanderson@company.example,starter,49,9,8,24,standard
CUST-001769,Acme Networks Partners,Riley,James,rileyjames@proton.example,business,799,147,6,34,priority
CUST-001770,Morgan Scott,Charlie,Morris,charlie_morris@corp.example,free,0,1,3,43,community
CUST-001771,Hiro Cooper,Ravi,Roberts,ravi_roberts@icloud.example,starter,49,1249,9,1,standard
CUST-001772,Rowan Murphy,Sage,Hill,sage_hill@yahoo.example,starter,49,30,7,41,standard
CUST-001773,Noor Rodriguez,Indigo,Rivera,indigo_rivera@outlook.example,starter,49,553,7,39,standard
CUST-001774,Jasmine Walker,Chen,Collins,chen.collins@yahoo.example,pro,199,167,8,12,standard
CUST-001775,Devin Stewart,Theo,Hall,theo.hall@yahoo.example,free,0,1582,6,14,community
CUST-001776,Diego Moore,Skyler,James,skyler.james@corp.example,starter,49,1467,6,25,standard
CUST-001777,Priya Green,Riley,James,riley_james@fastmail.example,free,0,1231,7,19,community
CUST-001778,Logan Walker,Drew,Stewart,drew_stewart@outlook.example,starter,49,873,5,29,standard
CUST-001779,Morgan Phillips,Noor,Anderson,noor_anderson@company.example,free,0,323,5,42,community
CUST-001780,Noor Walker,Quinn,Rogers,quinn_rogers@fastmail.example,starter,49,308,8,30,standard
CUST-001781,Cameron Green,Kit,Campbell,kitcampbell@fastmail.example,free,0,196,8,27,community
CUST-001782,Cobalt Logistics LLC,Maya,Young,maya_young@outlook.example,enterprise,4999,1000,5,18,white_glove
CUST-001783,Meridian Media Studios,Maya,Wilson,maya.wilson@outlook.example,business,799,1391,8,5,priority
CUST-001784,Jamie Collins,Sage,Stewart,sagestewart@corp.example,free,0,1437,5,5,community
CUST-001785,Ravi Rivera,Taylor,Perez,taylor_perez@company.example,starter,49,1202,7,23,standard
CUST-001786,Avery Thomas,Logan,Lopez,logan_lopez@icloud.example,pro,199,27,5,50,standard
CUST-001787,Iris Cooper,Yuki,Rivera,yuki_rivera@corp.example,free,0,1761,5,31,community
CUST-001788,Devin Edwards,Reese,Howard,reese.howard@company.example,free,0,886,3,34,community
CUST-001789,Acme Energy Inc.,Phoenix,Cooper,phoenix_cooper@yahoo.example,business,799,295,7,24,priority
CUST-001790,Priya Adams,Aisha,Torres,aishatorres@proton.example,starter,49,247,5,24,standard
CUST-001791,Marcus Morris,Hayden,Cooper,hayden_cooper@gmail.example,pro,199,329,6,38,standard
CUST-001792,Hiro Garcia,Aisha,King,aisha_king@company.example,free,0,1,4,43,community
CUST-001793,Sage Moore,Sage,Rogers,sage_rogers@fastmail.example,pro,199,1777,10,0,standard
CUST-001794,Noor Howard,Morgan,Wilson,morganwilson@proton.example,pro,199,44,3,37,standard
CUST-001795,Indigo Cook,Lin,Wilson,lin_wilson@outlook.example,starter,49,1708,1,43,standard
CUST-001796,Devin Walker,Theo,Edwards,theo.edwards@fastmail.example,free,0,110,8,33,community
CUST-001797,Devin Moore,Blake,Garcia,blake.garcia@corp.example,free,0,703,6,29,community
CUST-001798,Phoenix Garcia,Avery,Adams,avery_adams@yahoo.example,free,0,665,10,29,community
CUST-001799,Blake Martinez,Lane,Moore,lane.moore@outlook.example,pro,199,69,3,46,standard
CUST-001800,Maya Garcia,Yuki,Garcia,yukigarcia@yahoo.example,starter,49,75,6,27,standard
CUST-001801,Riley Evans,Diego,Phillips,diego.phillips@icloud.example,starter,49,1819,8,0,standard
CUST-001802,Lin Garcia,Ravi,Cox,ravi.cox@icloud.example,free,0,161,8,19,community
CUST-001803,Theo Rodriguez,Avery,Rodriguez,averyrodriguez@fastmail.example,free,0,211,7,36,community
CUST-001804,Sam James,Lex,Green,lex_green@corp.example,free,0,1634,8,0,community
CUST-001805,Kit Young,Taylor,Jackson,taylor_jackson@company.example,free,0,180,10,21,community
CUST-001806,Reese Mitchell,Lane,James,lane_james@gmail.example,pro,199,345,7,33,standard
CUST-001807,Devin Phillips,Morgan,Carter,morgan.carter@outlook.example,free,0,1213,8,0,community
CUST-001808,Elena Edwards,Drew,Richardson,drewrichardson@gmail.example,free,0,178,5,48,community
CUST-001809,Rowan Martin,Sage,Lopez,sage.lopez@proton.example,free,0,751,5,14,community
CUST-001810,Junction Media LLC,Chen,Young,chenyoung@company.example,business,799,23,10,11,priority
CUST-001811,Phoenix Lopez,Jamie,Wilson,jamie_wilson@outlook.example,free,0,268,10,15,community
CUST-001812,Jasmine Rivera,Marcus,Richardson,marcus.richardson@yahoo.example,free,0,1252,10,8,community
CUST-001813,Wavelength Outfitters Partners,Cameron,Brown,cameron.brown@proton.example,business,799,493,2,55,priority
CUST-001814,Sam Roberts,Sage,Lee,sage_lee@gmail.example,free,0,2,8,22,community
CUST-001815,Morgan Morris,Owen,Ramirez,owen.ramirez@proton.example,free,0,233,6,23,community
CUST-001816,Hiro Brown,Ravi,Adams,ravi.adams@outlook.example,starter,49,23,5,41,standard
CUST-001817,Iris Rivera,Sofia,Cooper,sofiacooper@fastmail.example,free,0,1029,7,25,community
CUST-001818,Theo Ward,Sage,Hill,sage_hill@outlook.example,starter,49,12,7,28,standard
CUST-001819,Jasmine Green,Drew,Martinez,drew_martinez@icloud.example,pro,199,1571,10,0,standard
CUST-001820,Indigo Parker,Quinn,Peterson,quinn.peterson@proton.example,pro,199,92,8,8,standard
CUST-001821,Aisha Johnson,Noor,Wilson,noor.wilson@proton.example,starter,49,24,8,27,standard
CUST-001822,Vector Retail Solutions,Quinn,Baker,quinn_baker@company.example,business,799,691,7,34,priority
CUST-001823,Iris Stewart,Maya,Phillips,maya.phillips@company.example,free,0,748,4,33,community
CUST-001824,Sana Martin,Diego,Nelson,diegonelson@fastmail.example,free,0,910,10,3,community
CUST-001825,Wren Edwards,Riley,Cook,riley.cook@yahoo.example,free,0,354,6,46,community
CUST-001826,Blake Bell,Indigo,Walker,indigowalker@icloud.example,pro,199,157,10,7,standard
CUST-001827,Jordan Lee,Drew,Johnson,drewjohnson@icloud.example,free,0,1445,5,7,community
CUST-001828,Chen Reed,Charlie,Wilson,charlie.wilson@gmail.example,free,0,100,6,39,community
CUST-001829,Wren Bailey,Rowan,Nelson,rowannelson@corp.example,starter,49,1186,0,25,standard
CUST-001830,Jordan Collins,Maya,Edwards,maya_edwards@fastmail.example,starter,49,15,7,22,standard
CUST-001831,Maya King,Jasmine,Walker,jasmine_walker@icloud.example,free,0,239,2,53,community
CUST-001832,Casey Morgan,Wren,Morris,wren_morris@fastmail.example,free,0,183,6,41,community
CUST-001833,Wren Moore,Theo,Young,theoyoung@company.example,free,0,840,5,25,community
CUST-001834,Avery Johnson,Diego,Roberts,diegoroberts@corp.example,pro,199,844,7,18,standard
CUST-001835,Elena Torres,Maya,Cooper,maya.cooper@outlook.example,free,0,270,5,29,community
CUST-001836,Charlie Wright,Anya,Young,anya.young@icloud.example,free,0,1075,9,0,community
CUST-001837,Indigo Cook,Quinn,Morgan,quinnmorgan@icloud.example,free,0,1705,5,23,community
CUST-001838,Quinn Adams,Diego,Sanchez,diego_sanchez@fastmail.example,free,0,25,6,23,community
CUST-001839,Maya Gray,Sofia,Nelson,sofia_nelson@proton.example,free,0,442,0,70,community
CUST-001840,Nimbus Manufacturing LLC,Noor,Campbell,noor_campbell@company.example,enterprise,4999,147,5,40,white_glove
CUST-001841,Riley Jackson,Sage,Evans,sageevans@yahoo.example,free,0,23,7,28,community
CUST-001842,Anya Murphy,Priya,Campbell,priya.campbell@corp.example,pro,199,18,3,52,standard
CUST-001843,Anya Wilson,Blake,Wright,blake_wright@company.example,pro,199,19,8,29,standard
CUST-001844,Riley Rivera,Kit,Wright,kitwright@fastmail.example,starter,49,795,7,15,standard
CUST-001845,Anya King,Alex,Ward,alex.ward@fastmail.example,starter,49,14,5,25,standard
CUST-001846,Delta Energy Corp.,Hiro,Watson,hiro_watson@icloud.example,business,799,1816,10,0,priority
CUST-001847,Theo Collins,Kit,Perez,kitperez@outlook.example,pro,199,707,2,43,standard
CUST-001848,Lane Collins,Yuki,Sanchez,yuki.sanchez@fastmail.example,starter,49,197,4,50,standard
CUST-001849,Elena Thomas,Quinn,Bell,quinn.bell@icloud.example,free,0,759,3,17,community
CUST-001850,Orbit Health Labs,Theo,Parker,theo.parker@corp.example,business,799,1733,6,5,priority
CUST-001851,Sam Martin,Aisha,Phillips,aisha.phillips@company.example,starter,49,350,4,30,standard
CUST-001852,Wren Green,Avery,Bailey,avery.bailey@company.example,free,0,1629,5,15,community
CUST-001853,Jordan Carter,Marcus,Baker,marcusbaker@proton.example,free,0,739,8,19,community
CUST-001854,Blake Campbell,Jamie,Phillips,jamie_phillips@outlook.example,starter,49,359,4,24,standard
CUST-001855,Sage Morris,Yuki,Moore,yukimoore@outlook.example,starter,49,5,1,37,standard
CUST-001856,Taylor Davis,Wren,Johnson,wren.johnson@icloud.example,free,0,110,7,26,community
CUST-001857,Sana Peterson,Riley,Stewart,rileystewart@proton.example,starter,49,1574,4,39,standard
CUST-001858,Lex Davis,Chen,Lee,chen.lee@proton.example,pro,199,375,5,40,standard
CUST-001859,Ari Morgan,Alex,Sanchez,alex.sanchez@company.example,free,0,871,3,17,community
CUST-001860,Kit Gray,Kit,Ward,kit.ward@outlook.example,starter,49,1457,4,23,standard
CUST-001861,Keystone Manufacturing Holdings,Anya,Perez,anya.perez@gmail.example,business,799,30,6,16,priority
CUST-001862,Phoenix Campbell,Sana,Thomas,sanathomas@proton.example,free,0,158,2,48,community
CUST-001863,Morgan Watson,Iris,Bell,iris_bell@yahoo.example,free,0,326,8,12,community
CUST-001864,Wren Sanchez,Lex,Cox,lex_cox@proton.example,free,0,8,5,42,community
CUST-001865,Blake Allen,Alex,Morgan,alex_morgan@corp.example,starter,49,176,4,38,standard
CUST-001866,Sana Carter,Sofia,Perez,sofiaperez@outlook.example,starter,49,1556,10,0,standard
CUST-001867,Lin Scott,Theo,Young,theoyoung@gmail.example,starter,49,979,4,15,standard
CUST-001868,Ravi James,Owen,Johnson,owen.johnson@gmail.example,free,0,5,0,55,community
CUST-001869,Indigo Phillips,Indigo,Martinez,indigo.martinez@proton.example,free,0,832,5,12,community
CUST-001870,Morgan Jackson,Theo,Bailey,theobailey@icloud.example,starter,49,2,5,49,standard
CUST-001871,Avery Ramirez,Owen,Perez,owen_perez@company.example,starter,49,389,4,31,standard
CUST-001872,Wren Garcia,Hiro,Mitchell,hiro_mitchell@fastmail.example,starter,49,127,4,54,standard
CUST-001873,Taylor Hall,Hayden,Rivera,hayden.rivera@corp.example,starter,49,29,8,22,standard
CUST-001874,Hayden Wilson,Riley,Hill,rileyhill@company.example,starter,49,986,4,32,standard
CUST-001875,Avery Torres,Logan,Cook,logancook@company.example,starter,49,21,7,22,standard
CUST-001876,Ravi Hall,Owen,Allen,owen.allen@outlook.example,free,0,10,5,43,community
CUST-001877,Yuki Hill,Avery,Cooper,avery.cooper@corp.example,starter,49,1032,9,0,standard
CUST-001878,Owen Bailey,Lin,Mitchell,linmitchell@yahoo.example,starter,49,1173,7,10,standard
CUST-001879,Jasmine Watson,Logan,Cox,logancox@fastmail.example,starter,49,124,7,19,standard
CUST-001880,Ravi Brown,Anya,Cooper,anya.cooper@icloud.example,free,0,22,8,10,community
CUST-001881,Skyler Morris,Avery,Jackson,avery_jackson@gmail.example,free,0,141,4,45,community
CUST-001882,Ravi Hill,Devin,Phillips,devin_phillips@gmail.example,free,0,711,9,17,community
CUST-001883,Morgan Parker,Cameron,Mitchell,cameron.mitchell@corp.example,pro,199,6,5,21,standard
CUST-001884,Theo Jackson,Cameron,Green,camerongreen@icloud.example,starter,49,1210,5,32,standard
CUST-001885,Blake Cox,Charlie,Morris,charlie.morris@proton.example,starter,49,148,4,42,standard
CUST-001886,Ari Collins,Jordan,Murphy,jordanmurphy@corp.example,starter,49,49,6,37,standard
CUST-001887,Avery Morgan,Avery,Rodriguez,averyrodriguez@outlook.example,free,0,148,0,65,community
CUST-001888,Marcus Watson,Jordan,Cook,jordan_cook@yahoo.example,free,0,1688,9,8,community
CUST-001889,Cameron Green,Phoenix,Ward,phoenix_ward@outlook.example,starter,49,26,4,24,standard
CUST-001890,Ravi Martin,Lex,Ward,lex_ward@fastmail.example,free,0,14,6,26,community
CUST-001891,Maya Walker,Ari,Morris,arimorris@gmail.example,starter,49,1554,6,6,standard
CUST-001892,Lane Brown,Priya,Torres,priyatorres@fastmail.example,free,0,196,7,25,community
CUST-001893,Yuki James,Lin,Lee,lin_lee@company.example,free,0,1637,6,24,community
CUST-001894,Hayden Davis,Yuki,Hill,yukihill@company.example,starter,49,52,9,12,standard
CUST-001895,Phoenix Moore,Riley,Evans,riley_evans@proton.example,free,0,1328,4,11,community
CUST-001896,Theo Bailey,Aisha,Moore,aisha_moore@company.example,free,0,1340,1,47,community
CUST-001897,Jasmine Green,Logan,Garcia,logangarcia@proton.example,free,0,1633,1,49,community
CUST-001898,Elena Brown,Phoenix,Hall,phoenix_hall@yahoo.example,free,0,367,6,29,community
CUST-001899,Lex Rogers,Sofia,Mitchell,sofia.mitchell@proton.example,pro,199,766,5,28,standard
CUST-001900,Marcus Gray,Jordan,Phillips,jordanphillips@company.example,pro,199,915,7,9,standard
CUST-001901,Jasmine Phillips,Quinn,Garcia,quinn.garcia@proton.example,pro,199,481,6,35,standard
CUST-001902,Aisha Cook,Hayden,Johnson,haydenjohnson@corp.example,starter,49,24,5,39,standard
CUST-001903,Beacon Logistics Inc.,Lex,Hall,lex_hall@gmail.example,enterprise,4999,277,7,37,white_glove
CUST-001904,Taylor Evans,Jamie,Nelson,jamienelson@yahoo.example,free,0,1325,10,0,community
CUST-001905,Wren Lopez,Indigo,Reed,indigo_reed@outlook.example,starter,49,6,3,39,standard
CUST-001906,Lane Jackson,Aisha,Ramirez,aisharamirez@outlook.example,free,0,331,5,45,community
CUST-001907,Avery Anderson,Morgan,Watson,morganwatson@fastmail.example,free,0,19,0,67,community
CUST-001908,Casey Rogers,Noor,Jackson,noor.jackson@yahoo.example,free,0,354,1,38,community
CUST-001909,Drew Murphy,Owen,Collins,owen.collins@company.example,free,0,85,1,58,community
CUST-001910,Lex Green,Priya,Baker,priyabaker@gmail.example,free,0,636,3,53,community
CUST-001911,Reese Martinez,Yuki,Davis,yukidavis@corp.example,starter,49,532,4,30,standard
CUST-001912,Blake Morgan,Indigo,Edwards,indigo.edwards@proton.example,free,0,843,6,31,community
CUST-001913,Phoenix Martin,Devin,Carter,devincarter@company.example,pro,199,300,0,51,standard
CUST-001914,Lin Young,Logan,Garcia,logangarcia@outlook.example,free,0,177,8,35,community
CUST-001915,Owen Lee,Rowan,Rogers,rowan_rogers@icloud.example,pro,199,1484,3,42,standard
CUST-001916,Polaris Foods & Co.,Skyler,Morgan,skylermorgan@yahoo.example,enterprise,4999,685,4,25,white_glove
CUST-001917,Quinn Cook,Phoenix,Green,phoenix.green@gmail.example,free,0,88,6,31,community
CUST-001918,Indigo Wilson,Avery,Martinez,averymartinez@fastmail.example,free,0,1019,4,17,community
CUST-001919,Jamie Jackson,Alex,Brown,alexbrown@company.example,pro,199,956,3,20,standard
CUST-001920,Alex Bailey,Devin,Nelson,devin_nelson@proton.example,pro,199,354,6,40,standard
CUST-001921,Lane Roberts,Quinn,King,quinnking@icloud.example,starter,49,326,8,20,standard
CUST-001922,Zenith Foods Systems,Rowan,Baker,rowan.baker@icloud.example,business,799,357,4,46,priority
CUST-001923,Chen Peterson,Hiro,Martinez,hiro_martinez@fastmail.example,pro,199,794,5,20,standard
CUST-001924,Hiro King,Taylor,Gray,taylorgray@icloud.example,free,0,348,7,37,community
CUST-001925,Diego Wilson,Diego,Green,diegogreen@fastmail.example,starter,49,162,0,49,standard
CUST-001926,Yuki Murphy,Rowan,Jackson,rowanjackson@icloud.example,starter,49,778,6,6,standard
CUST-001927,Mateus Sanchez,Anya,Carter,anya.carter@company.example,pro,199,307,10,20,standard
CUST-001928,Yardarm Capital Industries,Ravi,Bell,ravi_bell@company.example,enterprise,4999,1252,5,15,white_glove
CUST-001929,Phoenix Morris,Indigo,Martinez,indigomartinez@company.example,starter,49,78,4,41,standard
CUST-001930,Lin Edwards,Drew,Lee,drewlee@proton.example,free,0,666,2,55,community
CUST-001931,Lin Sanchez,Jasmine,Hill,jasmine.hill@yahoo.example,free,0,191,4,53,community
CUST-001932,Sofia Wilson,Jamie,Adams,jamieadams@icloud.example,pro,199,209,0,50,standard
CUST-001933,Sam Walker,Sage,James,sage_james@icloud.example,free,0,1064,5,32,community
CUST-001934,Quinn Smith,Hiro,Morgan,hiro.morgan@icloud.example,free,0,10,3,44,community
CUST-001935,Sana Ward,Riley,King,rileyking@icloud.example,free,0,1714,5,18,community
CUST-001936,Phoenix Davis,Sam,Nelson,sam.nelson@company.example,starter,49,8,10,14,standard
CUST-001937,Maya Bailey,Skyler,Watson,skyler_watson@icloud.example,free,0,182,10,15,community
CUST-001938,Maya Baker,Skyler,Roberts,skylerroberts@icloud.example,free,0,182,7,16,community
CUST-001939,Cameron Martin,Owen,Wright,owen.wright@icloud.example,free,0,770,7,4,community
CUST-001940,Hayden Roberts,Drew,Nelson,drewnelson@gmail.example,starter,49,400,5,42,standard
CUST-001941,Owen Garcia,Drew,Mitchell,drewmitchell@company.example,starter,49,40,7,22,standard
CUST-001942,Phoenix Walker,Wren,Rodriguez,wren.rodriguez@icloud.example,free,0,1025,2,18,community
CUST-001943,Noor Parker,Anya,Carter,anyacarter@corp.example,pro,199,34,6,36,standard
CUST-001944,Hayden Rogers,Reese,Morgan,reese.morgan@icloud.example,starter,49,289,7,15,standard
CUST-001945,Sofia Baker,Mateus,Stewart,mateus.stewart@proton.example,starter,49,612,4,54,standard
CUST-001946,Lex Smith,Reese,Young,reeseyoung@fastmail.example,free,0,1,8,20,community
CUST-001947,Chen Campbell,Aisha,Martin,aishamartin@company.example,free,0,4,9,19,community
CUST-001948,Jasmine Sanchez,Riley,Hill,riley_hill@outlook.example,free,0,1043,5,18,community
CUST-001949,Ravi Martin,Cameron,Mitchell,cameronmitchell@company.example,starter,49,4,0,42,standard
CUST-001950,Maya Roberts,Taylor,Evans,taylor_evans@fastmail.example,free,0,542,4,42,community
CUST-001951,Reese Morgan,Elena,Baker,elena_baker@yahoo.example,pro,199,110,6,32,standard
CUST-001952,Skyler Bailey,Owen,Wright,owenwright@company.example,starter,49,959,8,22,standard
CUST-001953,Morgan Torres,Sofia,Mitchell,sofiamitchell@outlook.example,free,0,7,6,22,community
CUST-001954,Rowan Cox,Jamie,Martinez,jamie_martinez@icloud.example,free,0,611,5,39,community
CUST-001955,Jordan Mitchell,Lex,Rogers,lexrogers@proton.example,free,0,683,4,31,community
CUST-001956,Noor Moore,Alex,Jackson,alex.jackson@company.example,starter,49,542,5,22,standard
CUST-001957,Cameron Reed,Drew,Howard,drew_howard@icloud.example,starter,49,254,7,30,standard
CUST-001958,Mateus Mitchell,Charlie,King,charlie_king@outlook.example,free,0,348,5,42,community
CUST-001959,Owen Bailey,Ravi,Martinez,ravi.martinez@outlook.example,starter,49,567,6,28,standard
CUST-001960,Sana Lee,Jasmine,Howard,jasmine_howard@corp.example,free,0,174,7,15,community
CUST-001961,Noor Garcia,Marcus,Nelson,marcusnelson@gmail.example,free,0,730,2,51,community
CUST-001962,Quinn Wilson,Cameron,Wright,cameron_wright@yahoo.example,free,0,1266,7,11,community
CUST-001963,Devin Hall,Rowan,Ramirez,rowan_ramirez@icloud.example,starter,49,1130,9,6,standard
CUST-001964,Hiro Ramirez,Charlie,Mitchell,charliemitchell@proton.example,free,0,4,1,45,community
CUST-001965,Morgan Roberts,Lane,Wright,lane.wright@outlook.example,pro,199,1171,3,39,standard
CUST-001966,Rowan Lee,Devin,Howard,devin.howard@gmail.example,pro,199,44,4,37,standard
CUST-001967,Iris Edwards,Elena,Bell,elena.bell@corp.example,starter,49,679,7,17,standard
CUST-001968,Riley Lee,Sana,Rivera,sanarivera@company.example,starter,49,71,2,54,standard
CUST-001969,Tundra Foods Holdings,Cameron,Bailey,cameron.bailey@proton.example,enterprise,4999,774,2,33,white_glove
CUST-001970,Jordan Young,Maya,Thomas,mayathomas@company.example,free,0,165,1,55,community
CUST-001971,Marcus Ramirez,Casey,Cooper,caseycooper@fastmail.example,starter,49,1600,9,0,standard
CUST-001972,Avery Hill,Cameron,Johnson,cameron.johnson@company.example,free,0,1081,5,32,community
CUST-001973,Elena Sanchez,Cameron,Sanchez,cameron_sanchez@outlook.example,free,0,301,6,31,community
CUST-001974,Diego Cook,Skyler,Rodriguez,skyler_rodriguez@icloud.example,free,0,793,7,26,community
CUST-001975,Hiro Anderson,Riley,Moore,riley_moore@company.example,free,0,1006,2,39,community
CUST-001976,Iris Lopez,Drew,James,drew.james@proton.example,pro,199,303,6,18,standard
CUST-001977,Hayden Gray,Aisha,Edwards,aisha_edwards@gmail.example,free,0,1130,8,17,community
CUST-001978,Morgan Hill,Quinn,Wright,quinn.wright@corp.example,pro,199,200,10,21,standard
CUST-001979,Riley Perez,Maya,Perez,maya.perez@company.example,starter,49,29,5,44,standard
CUST-001980,Maya Martinez,Jordan,Walker,jordan_walker@company.example,pro,199,581,3,55,standard
CUST-001981,Hayden Allen,Sage,Phillips,sage_phillips@company.example,starter,49,1591,10,2,standard
CUST-001982,Quanta Energy Labs,Hiro,Torres,hiro_torres@proton.example,business,799,381,10,15,priority
CUST-001983,Sam Peterson,Rowan,Johnson,rowanjohnson@proton.example,free,0,722,1,65,community
CUST-001984,Sana Rogers,Owen,Anderson,owen.anderson@company.example,starter,49,977,2,32,standard
CUST-001985,Diego King,Sam,Hall,samhall@yahoo.example,free,0,1361,8,12,community
CUST-001986,Alex Phillips,Avery,Torres,avery.torres@fastmail.example,pro,199,748,6,18,standard
CUST-001987,Sana Roberts,Ravi,Johnson,ravi.johnson@corp.example,free,0,745,9,17,community
CUST-001988,Casey Davis,Hayden,Richardson,hayden_richardson@icloud.example,free,0,1189,5,19,community
CUST-001989,Lex Anderson,Reese,Morgan,reesemorgan@fastmail.example,starter,49,17,9,22,standard
CUST-001990,Phoenix Adams,Sam,Stewart,sam_stewart@proton.example,free,0,363,6,26,community
CUST-001991,Theo Wright,Chen,Martinez,chen_martinez@icloud.example,free,0,1298,2,36,community
CUST-001992,Sana James,Avery,Hill,avery.hill@fastmail.example,free,0,343,2,55,community
CUST-001993,Noor Cooper,Hayden,Peterson,hayden.peterson@icloud.example,starter,49,780,8,12,standard
CUST-001994,Wren Young,Ari,Stewart,aristewart@fastmail.example,starter,49,4,4,48,standard
CUST-001995,Sage Richardson,Devin,Baker,devinbaker@proton.example,starter,49,621,5,21,standard
CUST-001996,Chen Garcia,Riley,Mitchell,riley.mitchell@yahoo.example,free,0,741,3,24,community
CUST-001997,Theo Ward,Sage,Richardson,sage_richardson@company.example,starter,49,591,0,51,standard
CUST-001998,Cameron Roberts,Hayden,Adams,hayden.adams@icloud.example,pro,199,160,4,46,standard
CUST-001999,Lane Mitchell,Sana,Roberts,sana.roberts@corp.example,free,0,440,1,40,community
CUST-002000,Indigo Morris,Indigo,Bell,indigobell@gmail.example,starter,49,1149,2,37,standard
CUST-002001,Ari Thomas,Hiro,Rivera,hiro_rivera@yahoo.example,free,0,1819,5,17,community
CUST-002002,Alex Evans,Sage,Gray,sagegray@outlook.example,pro,199,196,3,50,standard
CUST-002003,Avery Collins,Marcus,Baker,marcus.baker@yahoo.example,free,0,1275,7,5,community
CUST-002004,Sam Ramirez,Anya,Morris,anyamorris@icloud.example,free,0,105,3,50,community
CUST-002005,Drew Cox,Ari,Smith,ari_smith@gmail.example,starter,49,303,9,22,standard
CUST-002006,Iris Rodriguez,Yuki,Roberts,yuki.roberts@outlook.example,free,0,1313,2,38,community
CUST-002007,Drew Rogers,Morgan,King,morganking@proton.example,starter,49,75,5,49,standard
CUST-002008,Aisha Evans,Ari,James,ari_james@company.example,pro,199,1659,8,0,standard
CUST-002009,Priya Baker,Mateus,Torres,mateus_torres@proton.example,free,0,1386,9,0,community
CUST-002010,Devin Wilson,Theo,Moore,theo.moore@gmail.example,starter,49,12,8,23,standard
CUST-002011,Chen Adams,Aisha,Cox,aishacox@proton.example,starter,49,280,5,41,standard
CUST-002012,Wren Smith,Chen,Rodriguez,chenrodriguez@proton.example,starter,49,25,6,43,standard
CUST-002013,Jordan Peterson,Reese,Johnson,reese_johnson@yahoo.example,pro,199,801,0,30,standard
CUST-002014,Phoenix Thomas,Sage,Moore,sage_moore@company.example,starter,49,1616,6,15,standard
CUST-002015,Ari Stewart,Ari,Stewart,ari_stewart@yahoo.example,pro,199,457,7,35,standard
CUST-002016,Indigo Health Systems,Phoenix,Smith,phoenixsmith@proton.example,enterprise,4999,20,6,38,white_glove
CUST-002017,Blake Campbell,Aisha,Bell,aisha.bell@fastmail.example,pro,199,8,4,32,standard
CUST-002018,Reese Ramirez,Skyler,Morgan,skylermorgan@outlook.example,pro,199,1444,7,23,standard
CUST-002019,Owen Nelson,Cameron,Rodriguez,cameron.rodriguez@company.example,free,0,359,1,43,community
CUST-002020,Maya Rodriguez,Iris,Johnson,irisjohnson@corp.example,starter,49,1066,2,19,standard
CUST-002021,Nimbus Networks & Co.,Elena,Gray,elena_gray@outlook.example,business,799,984,7,5,priority
CUST-002022,Blake Sanchez,Sage,Peterson,sage_peterson@icloud.example,starter,49,802,7,26,standard
CUST-002023,Aisha Edwards,Noor,Richardson,noor_richardson@proton.example,starter,49,361,2,56,standard
CUST-002024,Chen Moore,Blake,Thomas,blakethomas@fastmail.example,free,0,799,7,0,community
CUST-002025,Element Robotics & Co.,Casey,Morris,caseymorris@outlook.example,business,799,364,8,35,priority
CUST-002026,Chen Brown,Casey,Morris,caseymorris@corp.example,free,0,59,9,25,community
CUST-002027,Jamie Anderson,Lex,Morgan,lexmorgan@proton.example,free,0,187,5,32,community
CUST-002028,Forge Manufacturing Works,Maya,Mitchell,maya_mitchell@company.example,business,799,1027,7,11,priority
CUST-002029,Hiro Murphy,Theo,King,theoking@icloud.example,starter,49,1622,7,9,standard
CUST-002030,Sofia Jackson,Aisha,Rogers,aisha.rogers@fastmail.example,free,0,1320,9,15,community
CUST-002031,Skyler Peterson,Noor,Sanchez,noorsanchez@gmail.example,free,0,284,4,32,community
CUST-002032,Chen Torres,Jordan,Garcia,jordan.garcia@icloud.example,starter,49,102,7,39,standard
CUST-002033,Elena Gray,Cameron,Mitchell,cameronmitchell@proton.example,starter,49,19,3,52,standard
CUST-002034,Owen Carter,Devin,Roberts,devin.roberts@fastmail.example,free,0,123,8,26,community
CUST-002035,Diego Young,Riley,Watson,riley.watson@outlook.example,free,0,14,10,19,community
CUST-002036,Logan Perez,Jasmine,King,jasmine.king@yahoo.example,starter,49,7,8,26,standard
CUST-002037,Blake Richardson,Jasmine,Lee,jasminelee@proton.example,starter,49,1077,3,38,standard
CUST-002038,Alex Adams,Sam,Lee,sam_lee@yahoo.example,starter,49,1104,6,4,standard
CUST-002039,Jasmine Sanchez,Sage,King,sageking@proton.example,starter,49,104,7,12,standard
CUST-002040,Lane Moore,Hiro,Garcia,hirogarcia@yahoo.example,free,0,1615,3,19,community
CUST-002041,Drew Parker,Anya,Walker,anya_walker@gmail.example,starter,49,25,5,39,standard
CUST-002042,Avery Brown,Priya,Sanchez,priya_sanchez@outlook.example,starter,49,267,3,55,standard
CUST-002043,Chen Parker,Jamie,Johnson,jamiejohnson@yahoo.example,starter,49,1616,9,0,standard
CUST-002044,Anya James,Quinn,Morgan,quinnmorgan@company.example,pro,199,223,8,15,standard
CUST-002045,Owen Phillips,Jasmine,Scott,jasmine_scott@icloud.example,starter,49,299,6,39,standard
CUST-002046,Hiro Morgan,Owen,Bell,owenbell@corp.example,pro,199,87,3,50,standard
CUST-002047,Lane Howard,Casey,Howard,caseyhoward@icloud.example,free,0,310,6,19,community
CUST-002048,Sana Ward,Lex,Lopez,lexlopez@proton.example,pro,199,1350,3,40,standard
CUST-002049,Cameron Richardson,Elena,Stewart,elena_stewart@fastmail.example,starter,49,37,6,37,standard
CUST-002050,Hayden Reed,Elena,Murphy,elena.murphy@outlook.example,starter,49,348,5,49,standard
CUST-002051,Lane Ward,Blake,Ramirez,blakeramirez@company.example,free,0,1056,3,41,community
CUST-002052,Jordan Wright,Casey,Thomas,caseythomas@yahoo.example,free,0,813,5,16,community
CUST-002053,Noor Parker,Diego,Richardson,diego_richardson@yahoo.example,pro,199,861,4,33,standard
CUST-002054,Skyler Perez,Chen,Mitchell,chenmitchell@outlook.example,starter,49,668,2,35,standard
CUST-002055,Alex Reed,Diego,Gray,diegogray@corp.example,pro,199,127,3,34,standard
CUST-002056,Hiro Rogers,Jasmine,Campbell,jasmine.campbell@fastmail.example,starter,49,3,7,23,standard
CUST-002057,Jasmine Rogers,Yuki,Ramirez,yukiramirez@icloud.example,starter,49,1442,3,34,standard
CUST-002058,Chen Campbell,Marcus,Gray,marcusgray@corp.example,starter,49,1384,2,27,standard
CUST-002059,Kit Adams,Theo,Evans,theo.evans@icloud.example,starter,49,28,4,26,standard
CUST-002060,Sana Cook,Sofia,Phillips,sofia_phillips@icloud.example,free,0,20,10,13,community
CUST-002061,Charlie Sanchez,Quinn,Adams,quinnadams@proton.example,free,0,27,8,11,community
CUST-002062,Reese Garcia,Riley,James,riley_james@outlook.example,free,0,320,5,43,community
CUST-002063,Skyler Morgan,Indigo,Hill,indigo.hill@proton.example,pro,199,474,6,26,standard
CUST-002064,Hayden Davis,Devin,Green,devin_green@icloud.example,free,0,87,5,23,community
CUST-002065,Skyler Watson,Jordan,Ward,jordanward@gmail.example,free,0,446,3,29,community
CUST-002066,Sam Baker,Logan,Parker,logan_parker@outlook.example,free,0,1039,6,10,community
CUST-002067,Phoenix Young,Phoenix,Wilson,phoenixwilson@company.example,free,0,296,5,50,community
CUST-002068,Anya Johnson,Lex,Nelson,lex_nelson@outlook.example,free,0,1415,6,19,community
CUST-002069,Kit Sanchez,Jordan,Jackson,jordan_jackson@proton.example,free,0,1158,8,14,community
CUST-002070,Priya Baker,Alex,Edwards,alexedwards@outlook.example,starter,49,432,8,23,standard
CUST-002071,Charlie Bailey,Drew,Thomas,drew_thomas@proton.example,free,0,346,6,19,community
CUST-002072,Hayden Cox,Devin,Hall,devin_hall@yahoo.example,free,0,279,8,11,community
CUST-002073,Drew King,Rowan,Lee,rowan_lee@yahoo.example,starter,49,1633,5,30,standard
CUST-002074,Reese King,Wren,Murphy,wren.murphy@yahoo.example,free,0,1406,4,14,community
CUST-002075,Blake Baker,Maya,Johnson,maya_johnson@proton.example,starter,49,218,10,13,standard
CUST-002076,Quinn Howard,Drew,Cook,drewcook@proton.example,starter,49,1314,5,29,standard
CUST-002077,Lin Thomas,Morgan,Scott,morganscott@yahoo.example,free,0,343,4,36,community
CUST-002078,Phoenix Brown,Aisha,Martin,aishamartin@icloud.example,pro,199,63,8,26,standard
CUST-002079,Yuki Murphy,Rowan,Sanchez,rowansanchez@outlook.example,free,0,133,6,34,community
CUST-002080,Indigo Collins,Devin,Walker,devin.walker@yahoo.example,starter,49,9,7,40,standard
CUST-002081,Logan Gray,Wren,Rogers,wren_rogers@icloud.example,free,0,1636,3,24,community
CUST-002082,Charlie Garcia,Blake,Lopez,blake_lopez@icloud.example,starter,49,332,3,28,standard
CUST-002083,Maya Davis,Drew,Parker,drew_parker@proton.example,pro,199,312,6,31,standard
CUST-002084,Sofia Thomas,Anya,Baker,anya.baker@company.example,free,0,16,6,22,community
CUST-002085,Sana Gray,Skyler,Moore,skyler_moore@icloud.example,free,0,629,3,51,community
CUST-002086,Theo Brown,Hiro,Watson,hiro.watson@fastmail.example,free,0,853,10,0,community
CUST-002087,Kit Morris,Noor,Allen,noor.allen@corp.example,starter,49,136,5,23,standard
CUST-002088,Jasmine Watson,Priya,Edwards,priyaedwards@gmail.example,free,0,875,7,13,community
CUST-002089,Ari Mitchell,Hayden,Hill,haydenhill@yahoo.example,free,0,1581,6,24,community
CUST-002090,Maya Walker,Yuki,Moore,yukimoore@company.example,free,0,183,6,26,community
CUST-002091,Mateus Collins,Mateus,Sanchez,mateus_sanchez@fastmail.example,free,0,262,8,23,community
CUST-002092,Forge Manufacturing Inc.,Riley,Lee,riley_lee@icloud.example,business,799,99,6,26,priority
CUST-002093,Noor Lee,Devin,Cook,devincook@fastmail.example,free,0,760,5,6,community
CUST-002094,Keystone Networks Holdings,Lin,Thomas,lin_thomas@icloud.example,business,799,548,8,15,priority
CUST-002095,Lane Cox,Morgan,Wilson,morganwilson@icloud.example,starter,49,1130,4,33,standard
CUST-002096,Kit Bailey,Alex,Ward,alexward@fastmail.example,free,0,547,10,5,community
CUST-002097,Devin Evans,Wren,Allen,wrenallen@proton.example,free,0,103,4,51,community
CUST-002098,Lex Morris,Kit,Richardson,kit.richardson@outlook.example,free,0,198,2,61,community
CUST-002099,Taylor Murphy,Diego,Allen,diego_allen@corp.example,starter,49,26,8,22,standard
CUST-002100,Jamie Bell,Morgan,Hall,morgan_hall@company.example,starter,49,479,9,30,standard
CUST-002101,Lin Campbell,Indigo,Peterson,indigo.peterson@outlook.example,free,0,218,2,45,community
CUST-002102,Indigo Walker,Skyler,Evans,skylerevans@icloud.example,free,0,109,5,48,community
CUST-002103,Devin Stewart,Wren,Sanchez,wren.sanchez@outlook.example,free,0,993,4,29,community
CUST-002104,Maya Richardson,Blake,Anderson,blakeanderson@proton.example,pro,199,872,10,8,standard
CUST-002105,Reese Hill,Lane,Moore,lane_moore@proton.example,free,0,938,4,9,community
CUST-002106,Riley Walker,Hiro,Ramirez,hiro_ramirez@outlook.example,starter,49,806,10,0,standard
CUST-002107,Marcus Walker,Drew,Howard,drew.howard@fastmail.example,free,0,304,5,48,community
CUST-002108,Devin Richardson,Devin,Rogers,devin.rogers@corp.example,free,0,1172,6,7,community
CUST-002109,Logan Collins,Charlie,Perez,charlie_perez@corp.example,pro,199,659,2,50,standard
CUST-002110,Quinn Rogers,Owen,Thomas,owen_thomas@gmail.example,starter,49,26,7,16,standard
CUST-002111,Jordan Parker,Riley,Bailey,riley_bailey@yahoo.example,free,0,35,7,36,community
CUST-002112,Blake King,Alex,Murphy,alexmurphy@proton.example,free,0,279,7,21,community
CUST-002113,Ravi Watson,Owen,Stewart,owen_stewart@fastmail.example,starter,49,94,0,52,standard
CUST-002114,Jamie Moore,Sofia,Scott,sofiascott@icloud.example,pro,199,138,9,26,standard
CUST-002115,Logan Smith,Rowan,Scott,rowan.scott@proton.example,free,0,938,5,29,community
CUST-002116,Diego James,Phoenix,Garcia,phoenixgarcia@company.example,free,0,373,5,28,community
CUST-002117,Alex Morris,Casey,Reed,caseyreed@corp.example,starter,49,1726,8,15,standard
CUST-002118,Aisha Peterson,Iris,Martin,iris.martin@proton.example,free,0,292,10,24,community
CUST-002119,Chen Moore,Reese,Watson,reese_watson@fastmail.example,pro,199,178,4,47,standard
CUST-002120,Lane Nelson,Riley,Green,riley_green@corp.example,free,0,488,7,30,community
CUST-002121,Logan Murphy,Lane,Collins,lane.collins@proton.example,free,0,932,3,24,community
CUST-002122,Wren Richardson,Riley,Thomas,rileythomas@fastmail.example,free,0,14,9,9,community
CUST-002123,Vector Robotics Studios,Avery,Sanchez,avery.sanchez@fastmail.example,enterprise,4999,920,6,28,white_glove
CUST-002124,Indigo Wright,Jordan,Scott,jordan.scott@proton.example,free,0,402,4,26,community
CUST-002125,Jasmine Ward,Indigo,Stewart,indigostewart@company.example,free,0,1008,2,21,community
CUST-002126,Yuki Martin,Casey,Allen,casey_allen@proton.example,starter,49,373,6,24,standard
CUST-002127,Lex Anderson,Sage,King,sageking@gmail.example,free,0,66,6,17,community
CUST-002128,Diego Stewart,Skyler,Cox,skylercox@outlook.example,starter,49,747,8,0,standard
CUST-002129,Jasmine Ramirez,Kit,Baker,kitbaker@proton.example,free,0,6,5,38,community
CUST-002130,Sam King,Phoenix,Rivera,phoenixrivera@corp.example,pro,199,38,5,24,standard
CUST-002131,Priya Walker,Theo,Scott,theo.scott@corp.example,free,0,533,6,29,community
CUST-002132,Polaris Energy Inc.,Lin,Carter,lincarter@fastmail.example,enterprise,4999,689,4,38,white_glove
CUST-002133,Riley Cook,Lex,Brown,lex.brown@proton.example,free,0,1004,8,16,community
CUST-002134,Lin Nelson,Charlie,Bailey,charlie_bailey@yahoo.example,free,0,885,2,33,community
CUST-002135,Lumen Analytics Works,Phoenix,Murphy,phoenix_murphy@fastmail.example,business,799,988,7,16,priority
CUST-002136,Keystone Networks Solutions,Noor,Reed,noor.reed@proton.example,enterprise,4999,11,8,35,white_glove
CUST-002137,Kit Peterson,Owen,Jackson,owenjackson@fastmail.example,starter,49,112,6,31,standard
CUST-002138,Jordan Wright,Marcus,Rivera,marcus_rivera@proton.example,free,0,10,4,38,community
CUST-002139,Skyler King,Marcus,Cooper,marcuscooper@corp.example,free,0,476,3,45,community
CUST-002140,Jamie Cooper,Skyler,Anderson,skyleranderson@icloud.example,starter,49,54,2,60,standard
CUST-002141,Sofia Collins,Yuki,Gray,yuki.gray@company.example,starter,49,108,5,46,standard
CUST-002142,Wren Johnson,Casey,Smith,casey.smith@gmail.example,pro,199,687,9,26,standard
CUST-002143,Mateus Cook,Rowan,Green,rowan.green@fastmail.example,pro,199,17,9,5,standard
CUST-002144,Lex Morgan,Theo,Rivera,theo.rivera@fastmail.example,starter,49,125,4,40,standard
CUST-002145,Reese Ward,Jamie,Edwards,jamieedwards@gmail.example,free,0,766,5,19,community
CUST-002146,Orbit Health Industries,Aisha,Moore,aisha_moore@outlook.example,business,799,37,2,60,priority
CUST-002147,Lane Peterson,Skyler,Rogers,skylerrogers@outlook.example,free,0,202,9,12,community
CUST-002148,Jamie Campbell,Logan,Rodriguez,loganrodriguez@fastmail.example,pro,199,2,10,19,standard
CUST-002149,Blake Peterson,Theo,Howard,theo_howard@company.example,free,0,18,5,50,community
CUST-002150,Chen Rodriguez,Anya,Baker,anyabaker@icloud.example,starter,49,9,6,22,standard
CUST-002151,Blake Rogers,Cameron,Edwards,cameron_edwards@yahoo.example,pro,199,850,6,29,standard
CUST-002152,Phoenix Green,Yuki,Sanchez,yuki.sanchez@icloud.example,starter,49,1519,3,25,standard
CUST-002153,Alex Edwards,Sam,Wright,sam.wright@icloud.example,free,0,22,8,30,community
CUST-002154,Noor Perez,Hiro,Gray,hiro.gray@fastmail.example,starter,49,308,2,54,standard
CUST-002155,Noor Cooper,Yuki,Rivera,yuki_rivera@proton.example,free,0,1702,3,22,community
CUST-002156,Noor Phillips,Hayden,Carter,hayden.carter@yahoo.example,free,0,5,3,52,community
CUST-002157,Anya Bell,Taylor,Bailey,taylor_bailey@yahoo.example,starter,49,894,7,1,standard
CUST-002158,Chen Rodriguez,Kit,Hall,kithall@gmail.example,free,0,104,7,34,community
CUST-002159,Polaris Outfitters Partners,Aisha,Rodriguez,aisharodriguez@yahoo.example,business,799,84,10,20,priority
CUST-002160,Noor Edwards,Wren,Collins,wren.collins@fastmail.example,starter,49,665,2,61,standard
CUST-002161,Jordan Stewart,Jamie,Ward,jamie.ward@company.example,free,0,112,4,52,community
CUST-002162,Lane Morris,Kit,Rivera,kit.rivera@gmail.example,free,0,438,10,12,community
CUST-002163,Priya Torres,Diego,Lee,diego.lee@fastmail.example,free,0,24,8,28,community
CUST-002164,Lex Brown,Avery,Cox,avery_cox@corp.example,pro,199,1644,2,28,standard
CUST-002165,Nimbus Networks Group,Owen,Wilson,owen_wilson@icloud.example,enterprise,4999,57,2,40,white_glove
CUST-002166,Jordan Johnson,Alex,Peterson,alexpeterson@icloud.example,free,0,22,8,32,community
CUST-002167,Lin Collins,Mateus,Cook,mateus.cook@gmail.example,free,0,7,6,19,community
CUST-002168,Ravi Moore,Morgan,Morgan,morgan_morgan@outlook.example,starter,49,1612,4,17,standard
CUST-002169,Lane Cook,Sam,Davis,samdavis@fastmail.example,free,0,127,6,30,community
CUST-002170,Skyler Gray,Taylor,Reed,taylor_reed@proton.example,free,0,889,5,21,community
CUST-002171,Ari Lopez,Ari,Martinez,arimartinez@icloud.example,free,0,224,7,25,community
CUST-002172,Elena Stewart,Hayden,Rivera,hayden_rivera@corp.example,free,0,1641,3,43,community
CUST-002173,Kit Torres,Casey,Johnson,casey_johnson@outlook.example,pro,199,1720,1,44,standard
CUST-002174,Skyler Scott,Morgan,James,morgan_james@outlook.example,free,0,254,7,17,community
CUST-002175,Iris Wright,Jasmine,Bell,jasmine.bell@gmail.example,free,0,12,8,24,community
CUST-002176,Morgan Richardson,Chen,Phillips,chenphillips@icloud.example,free,0,209,6,42,community
CUST-002177,Hayden Smith,Sage,Parker,sage.parker@icloud.example,free,0,208,5,23,community
CUST-002178,Blake Torres,Indigo,Cox,indigo_cox@icloud.example,pro,199,30,5,26,standard
CUST-002179,Cameron Smith,Indigo,King,indigo.king@yahoo.example,free,0,362,10,8,community
CUST-002180,Casey Murphy,Owen,Reed,owen.reed@yahoo.example,free,0,294,5,31,community
CUST-002181,Casey Anderson,Sage,Green,sage_green@corp.example,free,0,646,8,27,community
CUST-002182,Avery Perez,Lin,Ramirez,linramirez@outlook.example,free,0,443,8,15,community
CUST-002183,Elena Wilson,Owen,Rodriguez,owen_rodriguez@icloud.example,starter,49,1311,3,39,standard
CUST-002184,Devin Phillips,Iris,Johnson,iris_johnson@gmail.example,pro,199,1621,7,11,standard
CUST-002185,Mateus Johnson,Iris,Campbell,iriscampbell@corp.example,free,0,1090,9,14,community
CUST-002186,Lin Ward,Avery,Hill,averyhill@icloud.example,starter,49,415,5,42,standard
CUST-002187,Phoenix Martin,Blake,Garcia,blakegarcia@corp.example,free,0,336,5,24,community
CUST-002188,Drew Young,Lex,Rivera,lex_rivera@company.example,free,0,20,2,59,community
CUST-002189,Alex Bailey,Drew,Bailey,drew.bailey@yahoo.example,free,0,1559,6,4,community
CUST-002190,Aisha Ward,Quinn,Smith,quinn_smith@yahoo.example,free,0,566,9,5,community
CUST-002191,Mateus Roberts,Maya,Ramirez,mayaramirez@corp.example,starter,49,108,7,26,standard
CUST-002192,Marcus Davis,Chen,Collins,chen_collins@corp.example,starter,49,22,9,34,standard
CUST-002193,Blake Lopez,Logan,Murphy,logan.murphy@corp.example,starter,49,284,6,21,standard
CUST-002194,Sofia Bailey,Taylor,Green,taylorgreen@fastmail.example,starter,49,314,9,33,standard
CUST-002195,Elena Parker,Quinn,Murphy,quinnmurphy@proton.example,starter,49,225,6,29,standard
CUST-002196,Noor Anderson,Wren,Johnson,wren_johnson@company.example,pro,199,1111,5,27,standard
CUST-002197,Blake Jackson,Sage,Morris,sagemorris@corp.example,starter,49,802,6,19,standard
CUST-002198,Yuki Campbell,Hiro,Morris,hiro.morris@company.example,free,0,729,9,10,community
CUST-002199,Lane Cook,Morgan,Thomas,morganthomas@outlook.example,free,0,211,7,34,community
CUST-002200,Quanta Media Labs,Ravi,Anderson,ravi_anderson@company.example,business,799,1346,7,6,priority
CUST-002201,Hayden Martinez,Avery,Stewart,avery_stewart@outlook.example,starter,49,167,2,57,standard
CUST-002202,Wren Young,Reese,Rodriguez,reeserodriguez@gmail.example,free,0,1431,7,5,community
CUST-002203,Anya Martin,Skyler,Jackson,skyler.jackson@gmail.example,starter,49,1443,5,19,standard
CUST-002204,Delta Robotics Partners,Quinn,Johnson,quinn.johnson@corp.example,business,799,473,6,33,priority
CUST-002205,Casey Rodriguez,Taylor,Smith,taylorsmith@outlook.example,starter,49,6,6,18,standard
CUST-002206,Kit Richardson,Alex,Stewart,alexstewart@icloud.example,starter,49,335,4,36,standard
CUST-002207,Kit Ward,Morgan,Edwards,morganedwards@fastmail.example,free,0,1033,8,11,community
CUST-002208,Sam Collins,Casey,Evans,caseyevans@yahoo.example,free,0,11,3,31,community
CUST-002209,Helix Capital Inc.,Marcus,Hall,marcus_hall@yahoo.example,business,799,969,4,37,priority
CUST-002210,Wren Jackson,Morgan,Gray,morgangray@yahoo.example,starter,49,22,10,4,standard
CUST-002211,Devin Watson,Wren,Brown,wren_brown@company.example,starter,49,1014,8,15,standard
CUST-002212,Anya Bailey,Charlie,Adams,charlie.adams@icloud.example,free,0,538,4,35,community
CUST-002213,Riverstone Health Labs,Diego,Allen,diegoallen@outlook.example,business,799,424,8,16,priority
CUST-002214,Yuki Bailey,Phoenix,Wright,phoenixwright@company.example,free,0,366,9,24,community
CUST-002215,Skyler Anderson,Iris,Scott,iris.scott@company.example,starter,49,665,8,15,standard
CUST-002216,Riley Garcia,Indigo,Morris,indigo_morris@fastmail.example,starter,49,282,4,44,standard
CUST-002217,Nimbus Media Solutions,Sam,Reed,sam.reed@yahoo.example,business,799,294,8,9,priority
CUST-002218,Reese Wright,Casey,Hill,caseyhill@fastmail.example,free,0,447,10,13,community
CUST-002219,Jasmine James,Reese,Stewart,reese_stewart@fastmail.example,starter,49,355,4,31,standard
CUST-002220,Devin Thomas,Diego,Wright,diego_wright@yahoo.example,pro,199,5,7,24,standard
CUST-002221,Ravi Hall,Yuki,Evans,yukievans@fastmail.example,pro,199,132,5,35,standard
CUST-002222,Summit Media Solutions,Wren,Garcia,wren.garcia@proton.example,business,799,171,6,23,priority
CUST-002223,Reese Green,Taylor,Evans,taylorevans@fastmail.example,starter,49,894,10,0,standard
CUST-002224,Jasmine Morgan,Kit,Baker,kit_baker@fastmail.example,starter,49,739,7,24,standard
CUST-002225,Vector Retail Co-op,Riley,Peterson,riley_peterson@yahoo.example,business,799,280,6,32,priority
CUST-002226,Maya Edwards,Maya,Rogers,maya_rogers@fastmail.example,starter,49,200,9,26,standard
CUST-002227,Cameron Adams,Quinn,Stewart,quinn.stewart@outlook.example,free,0,862,8,19,community
CUST-002228,Marcus Cooper,Blake,Garcia,blake_garcia@fastmail.example,pro,199,210,7,40,standard
CUST-002229,Charlie Reed,Skyler,Sanchez,skylersanchez@gmail.example,free,0,213,3,32,community
CUST-002230,Blake King,Ari,Howard,arihoward@fastmail.example,pro,199,235,7,37,standard
CUST-002231,Lane Murphy,Ravi,Roberts,ravi_roberts@icloud.example,free,0,137,7,41,community
CUST-002232,Tundra Foods Industries,Blake,Allen,blakeallen@outlook.example,business,799,1281,8,12,priority
CUST-002233,Lane Ward,Sage,Ramirez,sageramirez@fastmail.example,free,0,136,4,48,community
CUST-002234,Ravi Rodriguez,Aisha,Murphy,aisha_murphy@corp.example,starter,49,1770,7,22,standard
CUST-002235,Casey Allen,Marcus,James,marcus_james@fastmail.example,pro,199,11,9,7,standard
CUST-002236,Priya Bell,Ravi,Hall,ravihall@yahoo.example,starter,49,465,6,44,standard
CUST-002237,Ravi Hill,Skyler,Martinez,skyler_martinez@gmail.example,free,0,862,10,0,community
CUST-002238,Riley Ward,Hayden,Gray,haydengray@fastmail.example,starter,49,93,5,46,standard
CUST-002239,Cameron Bell,Reese,Morris,reesemorris@outlook.example,starter,49,1796,10,8,standard
CUST-002240,Lex Gray,Sam,Jackson,sam_jackson@icloud.example,starter,49,183,5,29,standard
CUST-002241,Diego Martin,Jasmine,Ward,jasmineward@proton.example,pro,199,51,7,15,standard
CUST-002242,Cameron Garcia,Theo,King,theoking@company.example,pro,199,222,2,44,standard
CUST-002243,Junction Retail Works,Noor,Phillips,noor_phillips@fastmail.example,business,799,1539,4,15,priority
CUST-002244,Acme Media & Co.,Charlie,Howard,charlie_howard@corp.example,business,799,181,9,24,priority
CUST-002245,Theo Roberts,Cameron,Anderson,cameronanderson@icloud.example,pro,199,259,2,41,standard
CUST-002246,Logan Lopez,Yuki,Smith,yuki_smith@corp.example,starter,49,16,8,25,standard
CUST-002247,Logan Hall,Sam,Smith,samsmith@icloud.example,free,0,1406,6,10,community
CUST-002248,Wren Ramirez,Morgan,Smith,morgansmith@corp.example,free,0,1438,4,33,community
CUST-002249,Delta Robotics Co-op,Sage,Brown,sage.brown@icloud.example,business,799,504,3,45,priority
CUST-002250,Rowan Jackson,Jamie,Nelson,jamie_nelson@fastmail.example,free,0,7,1,51,community
CUST-002251,Ari Ward,Lane,Edwards,laneedwards@gmail.example,starter,49,401,5,41,standard
CUST-002252,Riley Nelson,Kit,Rodriguez,kitrodriguez@corp.example,free,0,1590,6,28,community
CUST-002253,Indigo Retail Systems,Indigo,Ward,indigoward@corp.example,business,799,1280,6,24,priority
CUST-002254,Charlie Collins,Kit,Anderson,kitanderson@fastmail.example,starter,49,391,5,50,standard
CUST-002255,Ari Smith,Taylor,Hill,taylorhill@proton.example,pro,199,733,6,28,standard
CUST-002256,Vector Outfitters Partners,Ari,Green,ari.green@gmail.example,business,799,412,3,58,priority
CUST-002257,Morgan Green,Elena,Jackson,elenajackson@yahoo.example,free,0,22,5,21,community
CUST-002258,Priya Richardson,Quinn,Rodriguez,quinn_rodriguez@gmail.example,free,0,353,7,27,community
CUST-002259,Jamie Martinez,Taylor,Gray,taylor.gray@gmail.example,free,0,1588,2,17,community
CUST-002260,Jasmine Hill,Charlie,Reed,charlie.reed@fastmail.example,starter,49,159,6,19,standard
CUST-002261,Aisha Martin,Casey,Johnson,casey_johnson@fastmail.example,starter,49,311,7,24,standard
CUST-002262,Theo Edwards,Avery,Evans,avery_evans@company.example,starter,49,121,7,32,standard
CUST-002263,Blake Gray,Sofia,Allen,sofia.allen@icloud.example,free,0,257,6,39,community
CUST-002264,Theo Smith,Priya,Morgan,priyamorgan@company.example,starter,49,927,6,15,standard
CUST-002265,Mateus Roberts,Aisha,Stewart,aisha_stewart@yahoo.example,free,0,29,4,40,community
CUST-002266,Reese Peterson,Charlie,Howard,charlie.howard@fastmail.example,pro,199,1348,10,11,standard
CUST-002267,Logan King,Reese,Carter,reese.carter@company.example,free,0,6,8,38,community
CUST-002268,Mateus Young,Cameron,Bell,cameron.bell@yahoo.example,starter,49,903,5,23,standard
CUST-002269,Maya Garcia,Sage,Nelson,sage_nelson@icloud.example,starter,49,359,9,29,standard
CUST-002270,Casey Ramirez,Aisha,Nelson,aisha.nelson@company.example,free,0,204,9,7,community
CUST-002271,Lex Wright,Quinn,Edwards,quinnedwards@corp.example,free,0,1,10,19,community
CUST-002272,Quinn Ward,Sana,Davis,sana.davis@icloud.example,free,0,835,4,18,community
CUST-002273,Alex Torres,Lex,Walker,lex_walker@company.example,free,0,157,0,41,community
CUST-002274,Phoenix Johnson,Theo,Campbell,theo.campbell@outlook.example,pro,199,109,8,13,standard
CUST-002275,Maya Davis,Aisha,Reed,aisha.reed@proton.example,starter,49,966,5,28,standard
CUST-002276,Priya Ramirez,Drew,Martin,drew.martin@company.example,pro,199,1747,10,1,standard
CUST-002277,Jamie Davis,Logan,James,loganjames@icloud.example,free,0,321,7,28,community
CUST-002278,Diego Smith,Iris,Morgan,iris_morgan@fastmail.example,starter,49,299,0,67,standard
CUST-002279,Avery Morgan,Rowan,Davis,rowan_davis@fastmail.example,pro,199,48,8,23,standard
CUST-002280,Drew Morris,Ari,James,arijames@outlook.example,starter,49,19,1,47,standard
CUST-002281,Forge Energy Group,Yuki,Lee,yuki_lee@gmail.example,business,799,6,7,24,priority
CUST-002282,Anya Parker,Sam,Rogers,sam_rogers@icloud.example,free,0,76,5,25,community
CUST-002283,Casey Morgan,Lane,Evans,lane_evans@icloud.example,starter,49,24,6,22,standard
CUST-002284,Marcus Howard,Elena,Baker,elena_baker@corp.example,free,0,31,8,9,community
CUST-002285,Indigo Baker,Sana,Carter,sana_carter@yahoo.example,free,0,116,6,32,community
CUST-002286,Alex Green,Hiro,Peterson,hiro.peterson@outlook.example,free,0,1116,7,26,community
CUST-002287,Junction Health Corp.,Yuki,Evans,yuki_evans@yahoo.example,business,799,2,7,35,priority
CUST-002288,Meridian Outfitters Solutions,Iris,Ward,iris_ward@corp.example,business,799,58,8,8,priority
CUST-002289,Indigo Retail Corp.,Hayden,Lopez,hayden_lopez@yahoo.example,business,799,849,6,27,priority
CUST-002290,Indigo Allen,Theo,Wilson,theowilson@gmail.example,starter,49,1803,8,0,standard
CUST-002291,Jordan Hill,Alex,Martin,alex_martin@outlook.example,free,0,636,5,20,community
CUST-002292,Quanta Manufacturing Industries,Ari,Perez,ariperez@fastmail.example,business,799,158,6,21,priority
CUST-002293,Rowan Bailey,Wren,Wright,wren_wright@gmail.example,pro,199,280,8,25,standard
CUST-002294,Reese Mitchell,Sofia,Watson,sofia_watson@proton.example,free,0,127,5,26,community
CUST-002295,Sam Martinez,Sage,Moore,sage_moore@proton.example,free,0,424,5,24,community
CUST-002296,Mateus Bailey,Casey,Jackson,caseyjackson@outlook.example,free,0,209,8,12,community
CUST-002297,Riley Baker,Noor,Richardson,noor_richardson@outlook.example,free,0,11,5,41,community
CUST-002298,Vector Foods Studios,Ari,Bell,ari.bell@icloud.example,business,799,604,3,37,priority
CUST-002299,Ari Morgan,Rowan,Wright,rowan.wright@gmail.example,free,0,30,9,31,community
CUST-002300,Jasmine Bell,Phoenix,Scott,phoenixscott@outlook.example,starter,49,1643,8,2,standard
CUST-002301,Casey Thomas,Diego,King,diego_king@company.example,free,0,18,6,28,community
CUST-002302,Anya Baker,Lane,James,lane_james@yahoo.example,pro,199,1816,7,4,standard
CUST-002303,Blake Scott,Chen,Roberts,chenroberts@gmail.example,pro,199,1090,6,4,standard
CUST-002304,Logan Murphy,Casey,Hill,caseyhill@yahoo.example,free,0,1677,5,16,community
CUST-002305,Diego Torres,Aisha,Brown,aisha_brown@proton.example,free,0,81,7,24,community
CUST-002306,Chen Thomas,Jamie,Nelson,jamie.nelson@fastmail.example,free,0,124,6,45,community
CUST-002307,Jordan Martinez,Sana,Peterson,sana.peterson@proton.example,starter,49,156,8,23,standard
CUST-002308,Rowan Allen,Jamie,Wright,jamiewright@fastmail.example,starter,49,674,9,6,standard
CUST-002309,Elena Green,Lane,Stewart,lane.stewart@yahoo.example,free,0,1107,4,25,community
CUST-002310,Sam Brown,Hayden,Lopez,hayden_lopez@outlook.example,free,0,828,9,13,community
CUST-002311,Morgan Green,Yuki,Cook,yuki_cook@icloud.example,starter,49,133,5,36,standard
CUST-002312,Lin Mitchell,Blake,Murphy,blake_murphy@gmail.example,starter,49,262,3,40,standard
CUST-002313,Rowan Phillips,Indigo,Lopez,indigolopez@fastmail.example,free,0,1422,5,13,community
CUST-002314,Kit Anderson,Priya,Murphy,priyamurphy@company.example,starter,49,1590,5,25,standard
CUST-002315,Hayden Walker,Yuki,Smith,yuki_smith@gmail.example,starter,49,1213,4,34,standard
CUST-002316,Ravi Adams,Priya,Cooper,priya.cooper@fastmail.example,free,0,1318,10,0,community
CUST-002317,Wren Davis,Avery,Campbell,avery_campbell@yahoo.example,free,0,282,2,37,community
CUST-002318,Sana Howard,Marcus,Anderson,marcusanderson@corp.example,pro,199,1,9,21,standard
CUST-002319,Priya King,Iris,Rodriguez,iris_rodriguez@outlook.example,pro,199,225,3,46,standard
CUST-002320,Logan James,Ravi,Lee,ravilee@gmail.example,starter,49,600,4,37,standard
CUST-002321,Elena Richardson,Mateus,Martin,mateus.martin@company.example,pro,199,96,6,42,standard
CUST-002322,Sana Martinez,Owen,Ward,owenward@outlook.example,pro,199,1275,7,12,standard
CUST-002323,Sana Bailey,Rowan,Cox,rowan_cox@company.example,free,0,182,10,20,community
CUST-002324,Logan Green,Lex,Bailey,lexbailey@company.example,free,0,128,6,31,community
CUST-002325,Sana Martin,Reese,Morgan,reese_morgan@icloud.example,free,0,1726,10,0,community
CUST-002326,Lin Parker,Taylor,Johnson,taylor.johnson@proton.example,free,0,11,4,52,community
CUST-002327,Morgan Roberts,Sofia,Carter,sofia.carter@outlook.example,pro,199,951,5,5,standard
CUST-002328,Owen Walker,Phoenix,Hall,phoenix.hall@gmail.example,pro,199,177,6,21,standard
CUST-002329,Chen Wilson,Riley,Davis,riley_davis@proton.example,starter,49,795,9,0,standard
CUST-002330,Orbit Media Works,Drew,Collins,drew_collins@gmail.example,business,799,250,7,34,priority
CUST-002331,Morgan Hill,Wren,Allen,wrenallen@yahoo.example,free,0,974,3,29,community
CUST-002332,Maya Garcia,Reese,Walker,reesewalker@fastmail.example,pro,199,228,10,6,standard
CUST-002333,Noor Evans,Jordan,Jackson,jordan.jackson@outlook.example,free,0,356,9,32,community
CUST-002334,Ari Bell,Wren,Jackson,wrenjackson@yahoo.example,free,0,303,7,34,community
CUST-002335,Mateus Baker,Morgan,Moore,morgan_moore@corp.example,free,0,575,5,25,community
CUST-002336,Ravi Martinez,Cameron,Morgan,cameronmorgan@corp.example,free,0,26,5,50,community
CUST-002337,Phoenix Young,Aisha,Richardson,aisharichardson@yahoo.example,starter,49,1629,10,0,standard
CUST-002338,Theo Scott,Lin,Morgan,lin_morgan@company.example,free,0,699,7,35,community
CUST-002339,Wren Smith,Chen,Watson,chen.watson@gmail.example,starter,49,145,4,33,standard
CUST-002340,Aisha Richardson,Maya,Campbell,maya_campbell@fastmail.example,pro,199,275,4,41,standard
CUST-002341,Morgan Hill,Iris,Young,iris_young@company.example,free,0,30,6,31,community
CUST-002342,Maya Reed,Hayden,Phillips,haydenphillips@company.example,pro,199,192,3,54,standard
CUST-002343,Charlie Torres,Jasmine,Cooper,jasmine_cooper@outlook.example,free,0,5,1,45,community
CUST-002344,Wren Adams,Phoenix,Ramirez,phoenixramirez@outlook.example,starter,49,1736,8,0,standard
CUST-002345,Elena Cook,Morgan,Peterson,morganpeterson@yahoo.example,starter,49,280,4,44,standard
CUST-002346,Riley Rodriguez,Drew,Bailey,drew.bailey@company.example,pro,199,641,10,10,standard
CUST-002347,Mateus Martin,Chen,Martin,chen_martin@icloud.example,starter,49,369,9,31,standard
CUST-002348,Wren Nelson,Sam,Scott,samscott@proton.example,starter,49,17,6,46,standard
CUST-002349,Jamie Cooper,Taylor,Collins,taylorcollins@company.example,pro,199,298,7,35,standard
CUST-002350,Beacon Energy Solutions,Cameron,Jackson,cameronjackson@company.example,business,799,326,1,45,priority
CUST-002351,Acme Analytics Studios,Aisha,Moore,aisha_moore@company.example,business,799,632,7,26,priority
CUST-002352,Priya Ramirez,Blake,Hall,blakehall@yahoo.example,starter,49,697,6,32,standard
CUST-002353,Noor Sanchez,Jamie,Cooper,jamie_cooper@proton.example,free,0,12,5,22,community
CUST-002354,Polaris Robotics Industries,Priya,Johnson,priyajohnson@company.example,enterprise,4999,315,5,29,white_glove
CUST-002355,Logan Parker,Cameron,Hill,cameronhill@corp.example,starter,49,1145,8,15,standard
CUST-002356,Wren Johnson,Owen,Hall,owenhall@fastmail.example,starter,49,1467,6,3,standard
CUST-002357,Hayden Richardson,Iris,Cooper,iriscooper@corp.example,free,0,930,8,19,community
CUST-002358,Taylor Jackson,Ravi,Davis,ravi_davis@company.example,starter,49,521,9,20,standard
CUST-002359,Jasmine Murphy,Iris,Walker,iris_walker@gmail.example,free,0,1630,5,18,community
CUST-002360,Drew Davis,Quinn,Morris,quinn_morris@yahoo.example,free,0,89,9,25,community
CUST-002361,Casey Johnson,Owen,Morris,owen_morris@outlook.example,starter,49,309,10,16,standard
CUST-002362,Kit Howard,Quinn,Edwards,quinn.edwards@outlook.example,pro,199,1585,5,29,standard
CUST-002363,Riverstone Media Systems,Quinn,Bell,quinn.bell@fastmail.example,business,799,1698,6,20,priority
CUST-002364,Meridian Retail & Co.,Cameron,Baker,cameron_baker@fastmail.example,business,799,4,3,52,priority
CUST-002365,Hiro Sanchez,Morgan,Wilson,morgan.wilson@proton.example,free,0,313,5,33,community
CUST-002366,Lex Edwards,Wren,Davis,wren.davis@outlook.example,starter,49,40,1,56,standard
CUST-002367,Sana Murphy,Lin,James,lin_james@proton.example,free,0,231,8,24,community
CUST-002368,Casey James,Marcus,Martinez,marcusmartinez@yahoo.example,starter,49,1177,7,16,standard
CUST-002369,Yuki Anderson,Iris,Rivera,irisrivera@yahoo.example,pro,199,599,1,41,standard
CUST-002370,Reese Adams,Priya,Bell,priya.bell@icloud.example,free,0,3,3,44,community
CUST-002371,Theo Rivera,Priya,Mitchell,priyamitchell@company.example,free,0,766,1,50,community
CUST-002372,Lane Allen,Jasmine,Evans,jasmine_evans@proton.example,free,0,1682,9,7,community
CUST-002373,Jasmine Cox,Theo,Edwards,theoedwards@yahoo.example,free,0,1302,9,7,community
CUST-002374,Taylor Moore,Sam,Collins,sam.collins@gmail.example,free,0,14,4,42,community
CUST-002375,Wren Hall,Owen,Lopez,owen.lopez@yahoo.example,pro,199,298,7,13,standard
CUST-002376,Devin Roberts,Lin,Rodriguez,lin.rodriguez@icloud.example,pro,199,1819,6,29,standard
CUST-002377,Lin Mitchell,Maya,Jackson,mayajackson@icloud.example,free,0,541,8,33,community
CUST-002378,Alex Morris,Drew,James,drew.james@icloud.example,free,0,345,10,23,community
CUST-002379,Anya Campbell,Hiro,Johnson,hiro_johnson@corp.example,free,0,229,5,24,community
CUST-002380,Theo Gray,Owen,Lee,owenlee@yahoo.example,starter,49,1704,5,8,standard
CUST-002381,Lin Adams,Chen,Wright,chen_wright@yahoo.example,free,0,1358,8,16,community
CUST-002382,Xenon Retail Systems,Wren,Jackson,wrenjackson@icloud.example,business,799,1676,2,37,priority
CUST-002383,Meridian Retail Systems,Anya,Rodriguez,anya.rodriguez@corp.example,enterprise,4999,989,7,13,white_glove
CUST-002384,Ravi Torres,Phoenix,Bailey,phoenix.bailey@fastmail.example,free,0,767,7,0,community
CUST-002385,Mateus Edwards,Charlie,James,charlie.james@icloud.example,starter,49,1255,6,14,standard
CUST-002386,Ravi Perez,Theo,Edwards,theo.edwards@outlook.example,free,0,1078,6,25,community
CUST-002387,Lane Thomas,Logan,Collins,logan_collins@corp.example,starter,49,1282,6,4,standard
CUST-002388,Casey Peterson,Riley,Wilson,rileywilson@company.example,starter,49,9,2,50,standard
CUST-002389,Morgan Perez,Maya,Wright,mayawright@gmail.example,starter,49,28,4,45,standard
CUST-002390,Phoenix Bailey,Lane,Bailey,lane.bailey@yahoo.example,free,0,12,6,39,community
CUST-002391,Skyler Carter,Mateus,Moore,mateus_moore@icloud.example,pro,199,1715,6,29,standard
CUST-002392,Alex Murphy,Wren,Cooper,wrencooper@icloud.example,free,0,810,3,16,community
CUST-002393,Jamie Carter,Wren,Carter,wrencarter@corp.example,starter,49,341,4,53,standard
CUST-002394,Quinn Sanchez,Sam,Cook,samcook@company.example,free,0,1268,8,5,community
CUST-002395,Sage James,Jordan,Carter,jordancarter@outlook.example,starter,49,228,7,42,standard
CUST-002396,Elena Johnson,Priya,Murphy,priya.murphy@corp.example,free,0,1207,5,26,community
CUST-002397,Jasmine Murphy,Morgan,Morris,morganmorris@fastmail.example,starter,49,191,2,44,standard
CUST-002398,Aisha Thomas,Lin,Cooper,lin_cooper@company.example,free,0,475,10,20,community
CUST-002399,Lin Mitchell,Chen,Adams,chen_adams@fastmail.example,pro,199,484,8,10,standard
CUST-002400,Priya Jackson,Reese,James,reese_james@proton.example,free,0,550,7,18,community
CUST-002401,Lex Morris,Blake,Lopez,blake.lopez@company.example,pro,199,1750,8,0,standard
CUST-002402,Chen Jackson,Elena,Cox,elenacox@yahoo.example,free,0,257,7,36,community
CUST-002403,Beacon Logistics Group,Elena,King,elenaking@proton.example,business,799,924,10,0,priority
CUST-002404,Sana Hall,Indigo,Rodriguez,indigo_rodriguez@fastmail.example,free,0,37,8,12,community
CUST-002405,Skyler Scott,Ravi,Green,ravi_green@outlook.example,free,0,217,4,27,community
CUST-002406,Diego Reed,Ari,Sanchez,arisanchez@gmail.example,free,0,29,1,50,community
CUST-002407,Element Media Studios,Iris,Reed,iris_reed@yahoo.example,enterprise,4999,151,5,26,white_glove
CUST-002408,Hiro Rodriguez,Wren,Rogers,wren.rogers@corp.example,free,0,194,7,23,community
CUST-002409,Avery Cooper,Avery,Ramirez,avery.ramirez@corp.example,free,0,477,6,29,community
CUST-002410,Cameron Roberts,Jamie,Baker,jamie.baker@corp.example,starter,49,1305,5,31,standard
CUST-002411,Mateus Roberts,Mateus,Brown,mateusbrown@fastmail.example,free,0,262,8,18,community
CUST-002412,Owen King,Hayden,Torres,hayden.torres@yahoo.example,free,0,244,7,39,community
CUST-002413,Maya Lee,Logan,Jackson,logan_jackson@fastmail.example,starter,49,1382,10,0,standard
CUST-002414,Sofia Young,Maya,Cook,maya_cook@gmail.example,pro,199,1691,8,21,standard
CUST-002415,Kit Baker,Logan,Brown,logan_brown@corp.example,starter,49,150,3,57,standard
CUST-002416,Yuki Moore,Theo,Wright,theo_wright@icloud.example,pro,199,323,8,11,standard
CUST-002417,Morgan Bailey,Devin,Wilson,devin.wilson@outlook.example,pro,199,232,6,41,standard
CUST-002418,Owen James,Theo,Cooper,theo.cooper@outlook.example,free,0,67,4,43,community
CUST-002419,Indigo Peterson,Noor,Wright,noor.wright@proton.example,free,0,1479,6,4,community
CUST-002420,Aisha King,Quinn,Walker,quinnwalker@company.example,free,0,594,2,36,community
CUST-002421,Indigo Morgan,Hayden,Cooper,hayden_cooper@outlook.example,pro,199,107,4,53,standard
CUST-002422,Cobalt Robotics Holdings,Blake,Lopez,blake.lopez@company.example,business,799,1134,8,11,priority
CUST-002423,Diego Wright,Chen,Rogers,chen.rogers@outlook.example,pro,199,1290,8,20,standard
CUST-002424,Drew Carter,Blake,Thomas,blake.thomas@icloud.example,free,0,481,7,27,community
CUST-002425,Chen Allen,Elena,Lopez,elena.lopez@fastmail.example,starter,49,61,8,27,standard
CUST-002426,Kit Rivera,Jasmine,Brown,jasmine_brown@icloud.example,free,0,1128,7,9,community
CUST-002427,Phoenix Ramirez,Phoenix,Rogers,phoenix.rogers@fastmail.example,starter,49,188,2,34,standard
CUST-002428,Avery Allen,Sage,Cox,sagecox@company.example,free,0,923,4,32,community
CUST-002429,Sam Cooper,Mateus,Brown,mateusbrown@icloud.example,pro,199,52,8,14,standard
CUST-002430,Vector Analytics Studios,Priya,Howard,priyahoward@proton.example,enterprise,4999,1043,8,3,white_glove
CUST-002431,Yuki Rodriguez,Reese,Allen,reeseallen@fastmail.example,free,0,700,4,33,community
CUST-002432,Diego Nelson,Avery,Davis,avery_davis@fastmail.example,starter,49,235,5,25,standard
CUST-002433,Skyler King,Alex,Watson,alex_watson@company.example,pro,199,112,8,15,standard
CUST-002434,Yardarm Networks Studios,Jordan,Martinez,jordan.martinez@company.example,business,799,933,4,25,priority
CUST-002435,Jasmine Stewart,Cameron,Young,cameron.young@gmail.example,free,0,326,6,26,community
CUST-002436,Morgan Martin,Jasmine,Rogers,jasminerogers@outlook.example,free,0,138,6,31,community
CUST-002437,Phoenix Hill,Drew,Martin,drew.martin@proton.example,free,0,761,5,19,community
CUST-002438,Hiro Reed,Avery,Bell,avery.bell@gmail.example,starter,49,172,10,22,standard
CUST-002439,Hiro Smith,Sage,Phillips,sage_phillips@gmail.example,free,0,157,4,50,community
CUST-002440,Aisha Thomas,Taylor,Anderson,taylor_anderson@fastmail.example,pro,199,83,7,34,standard
CUST-002441,Maya Edwards,Charlie,Sanchez,charliesanchez@company.example,pro,199,759,4,15,standard
CUST-002442,Marcus Lee,Alex,Davis,alex.davis@company.example,free,0,154,7,27,community
CUST-002443,Reese Sanchez,Maya,Cooper,maya.cooper@proton.example,free,0,839,10,8,community
CUST-002444,Jasmine Ramirez,Skyler,Hill,skylerhill@gmail.example,starter,49,625,3,32,standard
CUST-002445,Marcus Watson,Lex,Gray,lex.gray@proton.example,starter,49,1206,7,9,standard
CUST-002446,Priya Evans,Charlie,Lee,charlie.lee@outlook.example,starter,49,282,7,17,standard
CUST-002447,Ari Howard,Yuki,Martin,yuki_martin@proton.example,free,0,1703,3,29,community
CUST-002448,Devin Scott,Mateus,Edwards,mateus_edwards@gmail.example,starter,49,17,7,22,standard
CUST-002449,Devin Wilson,Chen,Anderson,chen_anderson@gmail.example,free,0,176,8,17,community
CUST-002450,Aisha Evans,Taylor,Rogers,taylor.rogers@gmail.example,starter,49,948,10,15,standard
CUST-002451,Owen Walker,Mateus,Stewart,mateus.stewart@gmail.example,starter,49,126,6,30,standard
CUST-002452,Jordan Ward,Yuki,Hall,yukihall@proton.example,free,0,19,10,18,community
CUST-002453,Marcus Cook,Ravi,Campbell,ravicampbell@proton.example,free,0,120,8,18,community
CUST-002454,Priya Campbell,Chen,Ward,chen_ward@outlook.example,free,0,316,4,32,community
CUST-002455,Cameron Baker,Indigo,Rivera,indigorivera@proton.example,starter,49,832,7,22,standard
CUST-002456,Iris Edwards,Iris,Johnson,iris_johnson@icloud.example,free,0,1532,4,18,community
CUST-002457,Blake Wright,Jamie,Davis,jamiedavis@yahoo.example,starter,49,1309,4,39,standard
CUST-002458,Jamie King,Quinn,Davis,quinn.davis@corp.example,starter,49,690,5,41,standard
CUST-002459,Blake Gray,Jasmine,Rodriguez,jasmine_rodriguez@icloud.example,starter,49,1116,7,21,standard
CUST-002460,Rowan Edwards,Avery,Cox,averycox@proton.example,free,0,290,4,40,community
CUST-002461,Yuki Bell,Theo,Perez,theo_perez@outlook.example,free,0,166,8,26,community
CUST-002462,Charlie Johnson,Blake,Baker,blake.baker@proton.example,free,0,153,9,14,community
CUST-002463,Sofia Stewart,Phoenix,Young,phoenix.young@outlook.example,free,0,360,7,20,community
CUST-002464,Diego Bell,Chen,Stewart,chenstewart@outlook.example,free,0,129,4,32,community
CUST-002465,Chen Bailey,Iris,Reed,iris.reed@outlook.example,pro,199,73,4,50,standard
CUST-002466,Ari Edwards,Lex,Watson,lex_watson@icloud.example,free,0,1256,6,19,community
CUST-002467,Diego Hall,Rowan,Scott,rowan_scott@gmail.example,starter,49,98,3,40,standard
CUST-002468,Riley Lopez,Lex,Sanchez,lex_sanchez@company.example,starter,49,1293,10,0,standard
CUST-002469,Sage Mitchell,Indigo,Reed,indigoreed@icloud.example,free,0,181,10,3,community
CUST-002470,Logan Rogers,Elena,Carter,elena_carter@gmail.example,starter,49,55,9,6,standard
CUST-002471,Tundra Retail Co-op,Morgan,Bell,morgan_bell@fastmail.example,enterprise,4999,371,5,30,white_glove
CUST-002472,Riley Hall,Owen,Anderson,owenanderson@fastmail.example,free,0,1659,6,17,community
CUST-002473,Lex Anderson,Chen,James,chen_james@gmail.example,pro,199,157,6,25,standard
CUST-002474,Hiro Walker,Lin,Parker,lin.parker@proton.example,starter,49,239,6,19,standard
CUST-002475,Gravity Retail & Co.,Kit,Johnson,kit.johnson@icloud.example,business,799,310,6,33,priority
CUST-002476,Indigo Analytics Inc.,Mateus,Hall,mateus.hall@proton.example,enterprise,4999,1038,6,28,white_glove
CUST-002477,Chen Lopez,Marcus,Lee,marcus.lee@gmail.example,pro,199,891,5,17,standard
CUST-002478,Ravi Scott,Morgan,Richardson,morgan_richardson@fastmail.example,free,0,997,3,21,community
CUST-002479,Ravi Richardson,Diego,Nelson,diego_nelson@fastmail.example,free,0,1618,0,45,community
CUST-002480,Drew Torres,Jamie,Adams,jamie_adams@proton.example,starter,49,332,6,38,standard
CUST-002481,Lane Hall,Lex,Lee,lexlee@gmail.example,free,0,1057,8,5,community
CUST-002482,Hiro Baker,Anya,Brown,anya_brown@gmail.example,free,0,233,7,39,community
CUST-002483,Jordan James,Devin,Watson,devin.watson@gmail.example,free,0,32,8,22,community
CUST-002484,Diego Ramirez,Diego,Rivera,diego_rivera@outlook.example,free,0,247,4,47,community
CUST-002485,Riley Morgan,Sam,Wright,sam.wright@icloud.example,pro,199,366,5,33,standard
CUST-002486,Casey Anderson,Sam,Baker,sam.baker@corp.example,pro,199,346,6,38,standard
CUST-002487,Rowan Stewart,Diego,Davis,diego_davis@gmail.example,starter,49,20,5,39,standard
CUST-002488,Yuki Cox,Iris,Collins,iris_collins@yahoo.example,starter,49,19,3,48,standard
CUST-002489,Quinn Thomas,Chen,Wilson,chen_wilson@proton.example,starter,49,116,5,28,standard
CUST-002490,Jasmine Bell,Yuki,Baker,yuki.baker@icloud.example,starter,49,199,1,66,standard
CUST-002491,Owen Allen,Wren,Sanchez,wrensanchez@company.example,free,0,6,5,39,community
CUST-002492,Elena Richardson,Sage,Martin,sage.martin@company.example,starter,49,125,7,21,standard
CUST-002493,Anya Garcia,Iris,Thomas,iris_thomas@company.example,starter,49,1190,0,38,standard
CUST-002494,Reese Baker,Iris,Reed,iris.reed@fastmail.example,free,0,309,8,37,community
CUST-002495,Morgan Morris,Lane,Ramirez,lane.ramirez@fastmail.example,starter,49,1400,5,7,standard
CUST-002496,Logan Martin,Morgan,Bailey,morgan_bailey@yahoo.example,pro,199,1269,1,22,standard
CUST-002497,Ari Wright,Yuki,Anderson,yukianderson@proton.example,free,0,723,6,26,community
CUST-002498,Lin Cox,Blake,Torres,blaketorres@corp.example,free,0,891,3,15,community
CUST-002499,Ari Anderson,Taylor,Green,taylor.green@icloud.example,pro,199,705,6,32,standard
CUST-002500,Iris Smith,Cameron,Rodriguez,cameronrodriguez@fastmail.example,pro,199,65,9,26,standard
CUST-002501,Cameron Sanchez,Elena,Green,elenagreen@fastmail.example,free,0,138,7,32,community
CUST-002502,Theo Baker,Alex,Lopez,alexlopez@corp.example,free,0,855,10,1,community
CUST-002503,Ari Torres,Lin,Rivera,lin.rivera@proton.example,starter,49,130,2,38,standard
CUST-002504,Hayden Walker,Taylor,Moore,taylor_moore@yahoo.example,free,0,1106,7,25,community
CUST-002505,Chen King,Owen,Reed,owen.reed@outlook.example,starter,49,916,8,21,standard
CUST-002506,Iris Davis,Logan,Garcia,logan.garcia@icloud.example,starter,49,734,4,11,standard
CUST-002507,Wavelength Outfitters Partners,Hayden,Phillips,hayden.phillips@fastmail.example,enterprise,4999,158,5,49,white_glove
CUST-002508,Owen Bailey,Kit,Hall,kithall@fastmail.example,free,0,221,5,48,community
CUST-002509,Priya Carter,Hiro,Carter,hiro.carter@gmail.example,free,0,92,8,17,community
CUST-002510,Drew Peterson,Morgan,Watson,morgan.watson@proton.example,pro,199,1519,10,0,standard
CUST-002511,Jordan Gray,Diego,Green,diego_green@icloud.example,starter,49,17,7,24,standard
CUST-002512,Sage Mitchell,Taylor,Wright,taylor_wright@icloud.example,starter,49,657,6,44,standard
CUST-002513,Iris Moore,Jordan,Rodriguez,jordan.rodriguez@yahoo.example,starter,49,30,4,31,standard
CUST-002514,Quinn Hall,Theo,Roberts,theo.roberts@outlook.example,free,0,20,6,46,community
CUST-002515,Lane Morris,Charlie,Davis,charlie_davis@corp.example,free,0,3,6,34,community
CUST-002516,Wavelength Logistics Systems,Alex,Lopez,alexlopez@corp.example,enterprise,4999,2,7,24,white_glove
CUST-002517,Jordan Green,Logan,Green,logan.green@fastmail.example,pro,199,1334,8,18,standard
CUST-002518,Drew James,Hiro,Nelson,hironelson@gmail.example,free,0,882,6,2,community
CUST-002519,Nimbus Energy & Co.,Anya,Gray,anya_gray@icloud.example,business,799,28,5,23,priority
CUST-002520,Sofia Anderson,Rowan,Stewart,rowan_stewart@yahoo.example,free,0,1072,8,6,community
CUST-002521,Ari Anderson,Jordan,Cox,jordancox@proton.example,starter,49,827,8,0,standard
CUST-002522,Jasmine Lopez,Indigo,Bell,indigobell@fastmail.example,free,0,417,5,38,community
CUST-002523,Yardarm Capital Group,Morgan,Collins,morgan.collins@company.example,enterprise,4999,17,4,54,white_glove
CUST-002524,Hiro Martin,Yuki,Davis,yuki_davis@fastmail.example,starter,49,179,4,44,standard
CUST-002525,Marcus Gray,Owen,Walker,owenwalker@company.example,free,0,3,5,22,community
CUST-002526,Skyler Carter,Skyler,Wright,skyler_wright@yahoo.example,free,0,1704,6,23,community
CUST-002527,Riverstone Analytics Co-op,Blake,Scott,blake.scott@yahoo.example,business,799,77,3,43,priority
CUST-002528,Aisha Gray,Noor,Cook,noor_cook@company.example,starter,49,20,9,33,standard
CUST-002529,Iris Ward,Quinn,Richardson,quinn.richardson@company.example,free,0,335,10,1,community
CUST-002530,Yuki Brown,Indigo,Cook,indigo_cook@gmail.example,starter,49,797,7,27,standard
CUST-002531,Mateus Mitchell,Lin,Rivera,lin_rivera@yahoo.example,starter,49,329,10,0,standard
CUST-002532,Casey Evans,Hiro,Wright,hirowright@yahoo.example,free,0,55,7,23,community
CUST-002533,Element Foods Group,Noor,Adams,noor_adams@gmail.example,business,799,8,10,25,priority
CUST-002534,Aisha Hill,Anya,Rogers,anya_rogers@gmail.example,free,0,1657,5,30,community
CUST-002535,Elena Smith,Lex,Baker,lex_baker@fastmail.example,starter,49,129,4,42,standard
CUST-002536,Cameron Bailey,Lin,Parker,lin_parker@yahoo.example,starter,49,894,8,0,standard
CUST-002537,Skyler Mitchell,Indigo,Wilson,indigowilson@company.example,starter,49,261,4,24,standard
CUST-002538,Yardarm Robotics Holdings,Lane,Adams,laneadams@icloud.example,business,799,1491,9,0,priority
CUST-002539,Taylor James,Alex,Green,alex_green@fastmail.example,free,0,1773,5,29,community
CUST-002540,Lex Peterson,Kit,Ramirez,kitramirez@proton.example,free,0,1081,8,0,community
CUST-002541,Rowan Roberts,Phoenix,Watson,phoenixwatson@fastmail.example,free,0,89,8,29,community
CUST-002542,Kit Walker,Jordan,Smith,jordan_smith@icloud.example,starter,49,214,5,39,standard
CUST-002543,Quinn Thomas,Casey,Anderson,caseyanderson@gmail.example,free,0,841,7,24,community
CUST-002544,Acme Capital Works,Indigo,Morris,indigo.morris@outlook.example,business,799,104,5,45,priority
CUST-002545,Theo King,Alex,Martinez,alex_martinez@outlook.example,free,0,882,3,34,community
CUST-002546,Anya Moore,Morgan,Murphy,morgan_murphy@icloud.example,free,0,65,9,18,community
CUST-002547,Yuki Sanchez,Sam,Scott,samscott@fastmail.example,free,0,1136,3,23,community
CUST-002548,Wren Carter,Mateus,Perez,mateusperez@company.example,free,0,239,8,26,community
CUST-002549,Sage Howard,Chen,Smith,chen_smith@corp.example,free,0,420,8,22,community
CUST-002550,Ravi Watson,Mateus,Lee,mateus_lee@icloud.example,starter,49,201,8,16,standard
CUST-002551,Alex Campbell,Quinn,Hall,quinn_hall@outlook.example,free,0,176,8,14,community
CUST-002552,Lex Carter,Sage,Bell,sage.bell@icloud.example,free,0,12,6,30,community
CUST-002553,Morgan Hall,Rowan,Phillips,rowan_phillips@company.example,pro,199,24,6,36,standard
CUST-002554,Kit Lee,Hayden,Gray,haydengray@fastmail.example,free,0,22,6,45,community
CUST-002555,Maya Campbell,Yuki,Sanchez,yukisanchez@outlook.example,free,0,344,0,48,community
CUST-002556,Iris Hall,Lane,Rogers,lane.rogers@gmail.example,free,0,1003,5,18,community
CUST-002557,Reese Green,Jordan,James,jordan_james@outlook.example,starter,49,189,4,50,standard
CUST-002558,Ravi Wright,Aisha,Hall,aisha.hall@outlook.example,starter,49,299,6,38,standard
CUST-002559,Quanta Robotics Group,Theo,Young,theo_young@proton.example,business,799,361,10,0,priority
CUST-002560,Polaris Media Corp.,Jamie,Edwards,jamie_edwards@yahoo.example,enterprise,4999,281,3,28,white_glove
CUST-002561,Drew Torres,Indigo,Edwards,indigo.edwards@proton.example,free,0,44,10,20,community
CUST-002562,Ari Rogers,Elena,Adams,elenaadams@outlook.example,pro,199,1169,3,25,standard
CUST-002563,Yuki Sanchez,Alex,Moore,alex.moore@corp.example,starter,49,235,4,36,standard
CUST-002564,Element Logistics Group,Indigo,Morris,indigo.morris@outlook.example,business,799,28,7,40,priority
CUST-002565,Drew Torres,Devin,Watson,devinwatson@outlook.example,free,0,1,3,40,community
CUST-002566,Phoenix Howard,Jasmine,Martinez,jasmine_martinez@company.example,free,0,479,5,20,community
CUST-002567,Alex Howard,Anya,Edwards,anyaedwards@fastmail.example,free,0,176,6,42,community
CUST-002568,Ari Hill,Yuki,Murphy,yukimurphy@proton.example,free,0,308,8,34,community
CUST-002569,Jasmine Wilson,Rowan,Morris,rowan.morris@corp.example,pro,199,402,6,31,standard
CUST-002570,Elena Wright,Owen,James,owenjames@yahoo.example,free,0,823,7,11,community
CUST-002571,Taylor Johnson,Sofia,Davis,sofia_davis@yahoo.example,free,0,570,6,29,community
CUST-002572,Forge Networks Solutions,Hayden,Cook,hayden.cook@proton.example,business,799,1162,6,12,priority
CUST-002573,Hayden King,Taylor,King,taylorking@corp.example,starter,49,484,3,36,standard
CUST-002574,Mateus Scott,Lex,Mitchell,lex.mitchell@fastmail.example,starter,49,607,7,37,standard
CUST-002575,Morgan Roberts,Elena,Carter,elenacarter@gmail.example,starter,49,743,4,26,standard
CUST-002576,Noor Evans,Rowan,Walker,rowan_walker@icloud.example,free,0,977,8,0,community
CUST-002577,Lane Campbell,Sana,Torres,sanatorres@company.example,free,0,92,4,49,community
CUST-002578,Mateus Ramirez,Jasmine,King,jasmine.king@fastmail.example,pro,199,266,10,1,standard
CUST-002579,Riley Rivera,Maya,Cox,maya.cox@yahoo.example,free,0,1712,7,12,community
CUST-002580,Riley Cooper,Theo,Lopez,theolopez@fastmail.example,free,0,1748,7,19,community
CUST-002581,Summit Capital Co-op,Indigo,Allen,indigo.allen@yahoo.example,business,799,295,8,38,priority
CUST-002582,Devin Edwards,Logan,Garcia,logan_garcia@yahoo.example,pro,199,10,7,32,standard
CUST-002583,Iris Gray,Quinn,Edwards,quinn.edwards@icloud.example,free,0,1247,2,20,community
CUST-002584,Owen Hall,Cameron,Hill,cameron.hill@company.example,pro,199,9,9,19,standard
CUST-002585,Lex Young,Wren,Hill,wren.hill@icloud.example,starter,49,683,5,29,standard
CUST-002586,Forge Robotics LLC,Hayden,Rivera,haydenrivera@corp.example,business,799,347,4,36,priority
CUST-002587,Lin Edwards,Reese,Gray,reesegray@yahoo.example,starter,49,131,2,44,standard
CUST-002588,Hiro Morgan,Noor,Brown,noorbrown@fastmail.example,starter,49,627,3,48,standard
CUST-002589,Phoenix Adams,Hayden,Peterson,haydenpeterson@outlook.example,starter,49,491,3,51,standard
CUST-002590,Morgan Martinez,Ravi,Hall,ravi.hall@icloud.example,starter,49,1773,8,11,standard
CUST-002591,Sofia James,Ari,Brown,aribrown@company.example,starter,49,1026,4,29,standard
CUST-002592,Noor Watson,Diego,Wilson,diego_wilson@proton.example,free,0,560,2,41,community
CUST-002593,Polaris Foods Inc.,Kit,Murphy,kitmurphy@icloud.example,business,799,19,7,40,priority
CUST-002594,Jamie Campbell,Blake,Rivera,blakerivera@proton.example,pro,199,1825,8,15,standard
CUST-002595,Drew Evans,Alex,Thomas,alex.thomas@yahoo.example,free,0,586,2,47,community
CUST-002596,Phoenix Sanchez,Casey,Bell,casey.bell@outlook.example,free,0,1219,9,0,community
CUST-002597,Iris Rogers,Lane,Morgan,lane.morgan@corp.example,starter,49,342,9,21,standard
CUST-002598,Acme Health Studios,Avery,Brown,avery.brown@fastmail.example,enterprise,4999,708,7,24,white_glove
CUST-002599,Elena Moore,Cameron,Nelson,cameron_nelson@outlook.example,free,0,172,7,30,community
CUST-002600,Drew Johnson,Lane,Watson,lane_watson@outlook.example,free,0,18,6,25,community
CUST-002601,Priya Edwards,Mateus,Torres,mateustorres@gmail.example,starter,49,22,6,44,standard
CUST-002602,Elena Rodriguez,Rowan,Cox,rowan_cox@outlook.example,free,0,27,7,22,community
CUST-002603,Casey Lee,Sage,Baker,sage.baker@gmail.example,starter,49,750,9,4,standard
CUST-002604,Alex Davis,Reese,Young,reeseyoung@gmail.example,free,0,22,8,20,community
CUST-002605,Lumen Energy Inc.,Rowan,Wright,rowan.wright@proton.example,business,799,207,4,36,priority
CUST-002606,Jordan Morris,Reese,Davis,reese.davis@fastmail.example,starter,49,76,3,57,standard
CUST-002607,Sage Baker,Noor,Wright,noor.wright@proton.example,free,0,239,5,27,community
CUST-002608,Priya Baker,Jordan,Jackson,jordan.jackson@proton.example,free,0,343,5,46,community
CUST-002609,Diego Campbell,Maya,Phillips,maya_phillips@outlook.example,starter,49,385,7,41,standard
CUST-002610,Sofia Edwards,Iris,Watson,iriswatson@corp.example,free,0,686,10,0,community
CUST-002611,Morgan Morris,Indigo,Adams,indigo_adams@proton.example,free,0,4,5,33,community
CUST-002612,Yuki Watson,Lane,Young,lane.young@yahoo.example,starter,49,42,7,41,standard
CUST-002613,Maya Perez,Noor,Thomas,noor.thomas@corp.example,free,0,24,5,25,community
CUST-002614,Jamie Martin,Riley,Martinez,riley.martinez@yahoo.example,starter,49,1438,7,3,standard
CUST-002615,Blake Stewart,Alex,Anderson,alexanderson@corp.example,free,0,1269,8,1,community
CUST-002616,Jordan Martinez,Jasmine,Sanchez,jasmine_sanchez@corp.example,pro,199,1463,5,11,standard
CUST-002617,Devin Thomas,Ravi,Baker,ravi_baker@yahoo.example,free,0,1579,7,2,community
CUST-002618,Hiro Smith,Quinn,Wilson,quinnwilson@icloud.example,pro,199,582,7,25,standard
CUST-002619,Rowan Stewart,Ari,Moore,ari.moore@fastmail.example,free,0,570,8,8,community
CUST-002620,Nimbus Outfitters Labs,Sana,Walker,sana_walker@fastmail.example,business,799,1260,6,24,priority
CUST-002621,Ari Bell,Lane,Anderson,laneanderson@proton.example,free,0,1615,7,25,community
CUST-002622,Sofia Mitchell,Cameron,Ward,cameron.ward@corp.example,starter,49,115,6,35,standard
CUST-002623,Quinn Sanchez,Owen,Young,owen_young@company.example,starter,49,12,4,31,standard
CUST-002624,Yardarm Manufacturing Systems,Lane,Wright,lane_wright@outlook.example,business,799,1068,4,38,priority
CUST-002625,Alex Parker,Logan,Baker,loganbaker@company.example,starter,49,1079,7,21,standard
CUST-002626,Theo Hill,Avery,Davis,avery.davis@yahoo.example,free,0,459,6,27,community
CUST-002627,Maya Perez,Reese,Gray,reese.gray@outlook.example,pro,199,306,10,22,standard
CUST-002628,Casey Jackson,Drew,Richardson,drew_richardson@corp.example,free,0,11,0,43,community
CUST-002629,Marcus Evans,Anya,Parker,anyaparker@yahoo.example,pro,199,607,7,33,standard
CUST-002630,Forge Foods Corp.,Alex,Moore,alexmoore@gmail.example,business,799,288,3,31,priority
CUST-002631,Mateus Martinez,Marcus,Parker,marcus_parker@gmail.example,pro,199,721,7,13,standard
CUST-002632,Avery Nelson,Marcus,James,marcusjames@gmail.example,starter,49,1711,5,21,standard
CUST-002633,Lin Reed,Sam,Peterson,sampeterson@icloud.example,free,0,1447,10,10,community
CUST-002634,Noor Ward,Sofia,Johnson,sofiajohnson@company.example,starter,49,1815,9,0,standard
CUST-002635,Lin Hill,Mateus,Johnson,mateusjohnson@yahoo.example,pro,199,1799,5,12,standard
CUST-002636,Lin King,Aisha,Collins,aishacollins@outlook.example,free,0,1659,8,0,community
CUST-002637,Jasmine Walker,Jordan,Wright,jordanwright@company.example,free,0,914,8,0,community
CUST-002638,Lin King,Diego,Walker,diego_walker@fastmail.example,pro,199,612,3,35,standard
CUST-002639,Logan Thomas,Alex,Reed,alex.reed@icloud.example,free,0,96,5,42,community
CUST-002640,Sofia Howard,Blake,Walker,blake_walker@yahoo.example,free,0,6,4,47,community
CUST-002641,Mateus James,Anya,Reed,anya.reed@company.example,free,0,519,0,46,community
CUST-002642,Aisha Walker,Sam,Stewart,sam_stewart@corp.example,free,0,506,5,26,community
CUST-002643,Anya Sanchez,Sofia,Rodriguez,sofia_rodriguez@fastmail.example,free,0,1240,5,25,community
CUST-002644,Lane Young,Cameron,Sanchez,cameron.sanchez@corp.example,free,0,318,7,33,community
CUST-002645,Wren Campbell,Marcus,James,marcusjames@fastmail.example,free,0,1401,3,39,community
CUST-002646,Priya Rodriguez,Sage,Adams,sage_adams@company.example,starter,49,3,8,23,standard
CUST-002647,Yuki Gray,Hiro,Mitchell,hiromitchell@company.example,starter,49,258,5,38,standard
CUST-002648,Owen Ramirez,Maya,Scott,mayascott@yahoo.example,free,0,1412,7,8,community
CUST-002649,Devin Carter,Avery,Reed,averyreed@company.example,free,0,309,8,24,community
CUST-002650,Quinn Jackson,Maya,Morris,maya.morris@proton.example,free,0,25,8,31,community
CUST-002651,Lin Walker,Sana,Reed,sana.reed@outlook.example,free,0,17,7,36,community
CUST-002652,Casey Murphy,Rowan,Mitchell,rowanmitchell@gmail.example,free,0,8,5,47,community
CUST-002653,Maya Sanchez,Wren,Green,wrengreen@company.example,free,0,18,5,39,community
CUST-002654,Jordan Young,Phoenix,Cook,phoenix_cook@proton.example,starter,49,32,5,32,standard
CUST-002655,Lex Wilson,Mateus,Campbell,mateus.campbell@corp.example,pro,199,5,3,31,standard
CUST-002656,Avery Watson,Reese,Bell,reese_bell@icloud.example,pro,199,53,5,38,standard
CUST-002657,Chen Moore,Sana,Ward,sana_ward@corp.example,pro,199,95,4,30,standard
CUST-002658,Drew Peterson,Elena,Morris,elena_morris@icloud.example,starter,49,15,2,61,standard
CUST-002659,Morgan Garcia,Jasmine,Cooper,jasminecooper@proton.example,free,0,56,3,31,community
CUST-002660,Quinn Wilson,Devin,Carter,devincarter@company.example,free,0,523,1,61,community
CUST-002661,Cameron Morris,Ravi,Davis,ravi.davis@company.example,free,0,116,7,25,community
CUST-002662,Reese Morris,Yuki,Gray,yukigray@fastmail.example,free,0,1730,4,29,community
CUST-002663,Hayden Torres,Theo,Moore,theomoore@yahoo.example,free,0,1759,4,39,community
CUST-002664,Mateus Torres,Chen,Mitchell,chen_mitchell@fastmail.example,free,0,183,10,11,community
CUST-002665,Lex Bailey,Iris,Martin,irismartin@icloud.example,starter,49,669,8,29,standard
CUST-002666,Jamie Edwards,Quinn,Sanchez,quinn_sanchez@icloud.example,starter,49,51,5,33,standard
CUST-002667,Iris Watson,Jamie,Adams,jamie_adams@icloud.example,starter,49,772,8,0,standard
CUST-002668,Jamie Roberts,Owen,Campbell,owen.campbell@corp.example,starter,49,30,4,51,standard
CUST-002669,Theo Scott,Marcus,Smith,marcussmith@outlook.example,starter,49,1378,6,26,standard
CUST-002670,Wren Watson,Owen,Cook,owen.cook@icloud.example,pro,199,716,3,29,standard
CUST-002671,Phoenix Perez,Sana,Bailey,sanabailey@yahoo.example,starter,49,671,4,36,standard
CUST-002672,Avery Allen,Lin,Mitchell,linmitchell@outlook.example,free,0,13,4,37,community
CUST-002673,Sage Cox,Avery,Edwards,avery_edwards@fastmail.example,free,0,950,7,27,community
CUST-002674,Chen Martinez,Elena,Mitchell,elena_mitchell@proton.example,free,0,205,7,41,community
CUST-002675,Owen Young,Charlie,Phillips,charliephillips@icloud.example,free,0,475,8,9,community
CUST-002676,Noor Murphy,Marcus,Wright,marcus_wright@gmail.example,pro,199,803,8,23,standard
CUST-002677,Sage Mitchell,Ravi,Carter,ravi.carter@corp.example,starter,49,1284,9,11,standard
CUST-002678,Aisha Rodriguez,Avery,Adams,averyadams@outlook.example,free,0,300,4,25,community
CUST-002679,Sofia James,Logan,Hill,loganhill@proton.example,starter,49,393,8,10,standard
CUST-002680,Alex Peterson,Hiro,Martin,hiro.martin@fastmail.example,free,0,519,3,37,community
CUST-002681,Skyler Parker,Lin,Moore,lin.moore@icloud.example,free,0,159,5,45,community
CUST-002682,Wavelength Analytics Industries,Taylor,Garcia,taylor.garcia@gmail.example,business,799,1640,7,1,priority
CUST-002683,Casey Bailey,Blake,Bailey,blakebailey@icloud.example,pro,199,418,5,29,standard
CUST-002684,Alex Moore,Rowan,Bell,rowan_bell@gmail.example,pro,199,1353,7,14,standard
CUST-002685,Quinn Johnson,Yuki,Garcia,yukigarcia@proton.example,pro,199,1432,3,36,standard
CUST-002686,Skyler Cox,Marcus,James,marcus.james@yahoo.example,free,0,1311,9,0,community
CUST-002687,Blake Rivera,Kit,Torres,kit.torres@fastmail.example,free,0,220,9,24,community
CUST-002688,Indigo Ward,Mateus,Baker,mateus.baker@yahoo.example,free,0,1408,5,6,community
CUST-002689,Diego Green,Skyler,Adams,skyler.adams@outlook.example,starter,49,174,4,53,standard
CUST-002690,Iris Baker,Chen,Anderson,chen.anderson@fastmail.example,free,0,21,5,50,community
CUST-002691,Jamie Rivera,Devin,Sanchez,devinsanchez@outlook.example,starter,49,14,8,36,standard
CUST-002692,Phoenix Collins,Sana,Wilson,sana.wilson@fastmail.example,starter,49,225,1,37,standard
CUST-002693,Yardarm Capital Labs,Noor,Perez,noorperez@company.example,business,799,284,2,61,priority
CUST-002694,Quinn Scott,Priya,Reed,priyareed@company.example,free,0,16,5,42,community
CUST-002695,Owen Adams,Diego,James,diego.james@outlook.example,starter,49,19,3,39,standard
CUST-002696,Sage Baker,Skyler,Allen,skyler.allen@company.example,starter,49,273,2,50,standard
CUST-002697,Jasmine Nelson,Skyler,Ramirez,skylerramirez@gmail.example,free,0,392,2,60,community
CUST-002698,Tundra Health & Co.,Sofia,Thomas,sofia.thomas@gmail.example,business,799,267,7,41,priority
CUST-002699,Ari Davis,Owen,Martin,owen_martin@company.example,free,0,518,8,11,community
CUST-002700,Priya King,Phoenix,Martin,phoenix.martin@company.example,free,0,1183,10,14,community
CUST-002701,Priya Walker,Phoenix,Roberts,phoenix.roberts@icloud.example,starter,49,32,4,40,standard
CUST-002702,Sofia Wright,Phoenix,Reed,phoenix_reed@company.example,starter,49,434,3,36,standard
CUST-002703,Sofia Allen,Owen,Wilson,owenwilson@proton.example,free,0,597,10,12,community
CUST-002704,Indigo Reed,Ari,King,ariking@yahoo.example,starter,49,23,7,35,standard
CUST-002705,Jasmine Roberts,Chen,Evans,chen_evans@icloud.example,free,0,852,3,23,community
CUST-002706,Quinn Cox,Skyler,Collins,skylercollins@corp.example,starter,49,227,8,27,standard
CUST-002707,Ravi Sanchez,Diego,Brown,diegobrown@outlook.example,starter,49,5,0,48,standard
CUST-002708,Blake Phillips,Elena,Anderson,elena.anderson@gmail.example,free,0,287,8,34,community
CUST-002709,Maya Hill,Drew,Lopez,drew_lopez@company.example,free,0,377,7,35,community
CUST-002710,Lex Jackson,Priya,Edwards,priyaedwards@icloud.example,free,0,258,9,19,community
CUST-002711,Casey Reed,Diego,Garcia,diegogarcia@gmail.example,free,0,207,0,62,community
CUST-002712,Kit Stewart,Taylor,Morgan,taylormorgan@gmail.example,free,0,286,0,63,community
CUST-002713,Sana Torres,Mateus,Sanchez,mateus_sanchez@icloud.example,starter,49,113,10,21,standard
CUST-002714,Mateus Edwards,Maya,Gray,mayagray@company.example,free,0,1160,0,52,community
CUST-002715,Iris Anderson,Alex,Parker,alexparker@icloud.example,free,0,1735,10,0,community
CUST-002716,Nimbus Capital Works,Logan,Green,logan.green@corp.example,enterprise,4999,82,8,8,white_glove
CUST-002717,Jasmine Evans,Taylor,Smith,taylor.smith@outlook.example,free,0,1,6,35,community
CUST-002718,Diego Stewart,Theo,Garcia,theo.garcia@outlook.example,free,0,1,7,16,community
CUST-002719,Mateus Ward,Charlie,Bell,charlie.bell@corp.example,starter,49,260,7,14,standard
CUST-002720,Keystone Logistics Group,Quinn,Cook,quinn.cook@outlook.example,business,799,41,0,47,priority
CUST-002721,Noor Peterson,Anya,Howard,anya.howard@proton.example,starter,49,1520,5,32,standard
CUST-002722,Vector Networks Works,Logan,Martinez,logan.martinez@icloud.example,business,799,1216,5,13,priority
CUST-002723,Sage Roberts,Skyler,Morris,skyler.morris@company.example,free,0,104,9,20,community
CUST-002724,Diego Hall,Taylor,Mitchell,taylormitchell@outlook.example,pro,199,340,10,5,standard
CUST-002725,Jamie Rivera,Kit,Morris,kit_morris@proton.example,free,0,740,5,34,community
CUST-002726,Riverstone Retail Industries,Phoenix,Sanchez,phoenixsanchez@company.example,business,799,23,10,21,priority
CUST-002727,Theo Walker,Sam,Evans,sam.evans@fastmail.example,free,0,1500,6,5,community
CUST-002728,Summit Logistics Inc.,Ravi,Rogers,ravi_rogers@icloud.example,enterprise,4999,164,6,35,white_glove
CUST-002729,Yuki Brown,Anya,Brown,anya_brown@fastmail.example,pro,199,84,7,23,standard
CUST-002730,Riley Wright,Diego,Walker,diegowalker@outlook.example,starter,49,574,2,54,standard
CUST-002731,Avery Scott,Sana,Peterson,sana_peterson@company.example,pro,199,1534,4,29,standard
CUST-002732,Sana Nelson,Jordan,Bailey,jordanbailey@company.example,starter,49,484,3,50,standard
CUST-002733,Riley Anderson,Taylor,Lee,taylor.lee@icloud.example,starter,49,65,8,11,standard
CUST-002734,Cameron Wright,Owen,Johnson,owen.johnson@icloud.example,free,0,34,7,40,community
CUST-002735,Quinn Howard,Mateus,Garcia,mateus_garcia@corp.example,pro,199,707,4,34,standard
CUST-002736,Rowan Green,Drew,Jackson,drew_jackson@fastmail.example,starter,49,683,6,30,standard
CUST-002737,Vector Outfitters Inc.,Yuki,Johnson,yuki_johnson@company.example,business,799,11,4,39,priority
CUST-002738,Ari Cooper,Casey,Torres,caseytorres@yahoo.example,starter,49,11,6,21,standard
CUST-002739,Sana Roberts,Yuki,Bell,yuki.bell@corp.example,starter,49,1695,2,43,standard
CUST-002740,Taylor Richardson,Ravi,Green,ravigreen@outlook.example,free,0,56,0,50,community
CUST-002741,Lex Hill,Logan,Cox,logancox@yahoo.example,pro,199,632,6,32,standard
CUST-002742,Yuki Peterson,Iris,King,iris_king@outlook.example,free,0,127,10,10,community
CUST-002743,Sage Martinez,Sage,Sanchez,sage.sanchez@corp.example,free,0,1294,10,14,community
CUST-002744,Owen Hill,Anya,Garcia,anyagarcia@corp.example,free,0,29,4,26,community
CUST-002745,Avery Bailey,Maya,Bailey,maya_bailey@proton.example,free,0,21,2,53,community
CUST-002746,Rowan Walker,Morgan,King,morgan.king@fastmail.example,starter,49,163,5,22,standard
CUST-002747,Lane Ramirez,Devin,Brown,devinbrown@yahoo.example,free,0,954,2,18,community
CUST-002748,Priya Scott,Casey,James,casey_james@proton.example,starter,49,13,2,51,standard
CUST-002749,Jamie Baker,Ravi,Moore,ravi_moore@yahoo.example,free,0,7,5,47,community
CUST-002750,Aisha Wright,Sofia,Morris,sofia_morris@yahoo.example,free,0,129,7,37,community
CUST-002751,Theo Bell,Aisha,Mitchell,aisha_mitchell@icloud.example,pro,199,393,5,40,standard
CUST-002752,Devin Green,Chen,Wright,chen_wright@gmail.example,free,0,13,5,20,community
CUST-002753,Taylor Hall,Iris,Hall,iris_hall@gmail.example,free,0,387,4,28,community
CUST-002754,Cameron Wilson,Jamie,Jackson,jamie.jackson@yahoo.example,starter,49,1688,4,24,standard
CUST-002755,Reese Campbell,Hayden,Moore,hayden.moore@proton.example,starter,49,665,5,24,standard
CUST-002756,Morgan Watson,Yuki,Thomas,yuki_thomas@gmail.example,starter,49,871,5,15,standard
CUST-002757,Owen Cox,Sam,Sanchez,samsanchez@gmail.example,pro,199,555,3,50,standard
CUST-002758,Yuki Rogers,Noor,Bell,noorbell@gmail.example,starter,49,725,6,42,standard
CUST-002759,Kit Garcia,Lin,Johnson,lin.johnson@company.example,pro,199,176,8,13,standard
CUST-002760,Summit Manufacturing Holdings,Skyler,Gray,skylergray@proton.example,business,799,37,8,36,priority
CUST-002761,Casey Reed,Skyler,Davis,skylerdavis@icloud.example,free,0,516,5,45,community
CUST-002762,Iris Young,Sana,King,sana.king@icloud.example,free,0,246,8,14,community
CUST-002763,Taylor Wright,Cameron,Young,cameron_young@outlook.example,starter,49,346,6,22,standard
CUST-002764,Anya Stewart,Chen,Gray,chen.gray@fastmail.example,free,0,750,9,17,community
CUST-002765,Sana Ramirez,Hayden,Cook,hayden.cook@fastmail.example,pro,199,365,8,21,standard
CUST-002766,Ari Baker,Maya,Martin,mayamartin@corp.example,starter,49,313,8,19,standard
CUST-002767,Diego Rogers,Sana,Ward,sana.ward@gmail.example,starter,49,17,8,33,standard
CUST-002768,Nimbus Networks Industries,Noor,Thomas,noor_thomas@yahoo.example,enterprise,4999,29,4,50,white_glove
CUST-002769,Indigo Morgan,Alex,Davis,alex_davis@outlook.example,free,0,1328,9,2,community
CUST-002770,Taylor Sanchez,Elena,Howard,elena.howard@fastmail.example,free,0,926,6,6,community
CUST-002771,Maya Carter,Iris,Bell,iris.bell@outlook.example,starter,49,900,7,17,standard
CUST-002772,Cobalt Retail Industries,Jamie,Hall,jamiehall@yahoo.example,business,799,208,6,41,priority
CUST-002773,Skyler Gray,Devin,Parker,devin_parker@gmail.example,free,0,1170,9,2,community
CUST-002774,Chen Sanchez,Sofia,Edwards,sofia_edwards@outlook.example,free,0,781,4,11,community
CUST-002775,Iris Brown,Theo,Campbell,theocampbell@fastmail.example,starter,49,134,2,41,standard
CUST-002776,Jamie Reed,Owen,Ramirez,owen_ramirez@corp.example,free,0,188,3,50,community
CUST-002777,Noor Wright,Riley,Ramirez,riley.ramirez@yahoo.example,free,0,261,6,45,community
CUST-002778,Maya Bailey,Chen,Edwards,chen.edwards@icloud.example,free,0,330,1,41,community
CUST-002779,Devin King,Lin,Jackson,linjackson@yahoo.example,free,0,362,4,50,community
CUST-002780,Owen Lee,Ari,Ramirez,ari.ramirez@yahoo.example,starter,49,1781,4,11,standard
CUST-002781,Jasmine Peterson,Jasmine,Cox,jasmine.cox@corp.example,pro,199,233,9,18,standard
CUST-002782,Indigo Media Studios,Quinn,Hall,quinn_hall@outlook.example,business,799,1427,8,0,priority
CUST-002783,Meridian Robotics Systems,Sofia,Evans,sofia.evans@fastmail.example,enterprise,4999,246,4,54,white_glove
CUST-002784,Aisha Scott,Jamie,Adams,jamie.adams@company.example,free,0,1752,9,0,community
CUST-002785,Delta Logistics Studios,Sofia,Wilson,sofia_wilson@fastmail.example,business,799,1201,4,11,priority
CUST-002786,Riley Anderson,Yuki,Reed,yuki.reed@company.example,starter,49,413,5,44,standard
CUST-002787,Morgan Bailey,Charlie,Cook,charlie.cook@company.example,pro,199,266,6,31,standard
CUST-002788,Morgan Edwards,Drew,Wright,drewwright@company.example,starter,49,168,9,30,standard
CUST-002789,Marcus Cook,Priya,Edwards,priyaedwards@company.example,free,0,991,3,40,community
CUST-002790,Noor Peterson,Sana,Johnson,sanajohnson@company.example,starter,49,14,9,4,standard
CUST-002791,Lin Hill,Quinn,Lopez,quinnlopez@outlook.example,pro,199,941,6,12,standard
CUST-002792,Quinn Campbell,Wren,Wilson,wren_wilson@company.example,starter,49,595,5,21,standard
CUST-002793,Yardarm Health & Co.,Morgan,Rodriguez,morgan.rodriguez@fastmail.example,enterprise,4999,338,4,53,white_glove
CUST-002794,Jasmine Nelson,Cameron,Cox,cameron_cox@icloud.example,pro,199,1671,5,21,standard
CUST-002795,Logan Anderson,Avery,Peterson,averypeterson@corp.example,starter,49,2,6,25,standard
CUST-002796,Jamie Morgan,Devin,Bailey,devin.bailey@yahoo.example,free,0,187,6,28,community
CUST-002797,Marcus Murphy,Lex,Stewart,lex_stewart@proton.example,starter,49,268,6,38,standard
CUST-002798,Marcus Reed,Casey,Ramirez,casey.ramirez@icloud.example,free,0,638,6,19,community
CUST-002799,Mateus Edwards,Owen,Morgan,owen_morgan@company.example,starter,49,833,7,7,standard
CUST-002800,Phoenix Walker,Elena,Smith,elenasmith@outlook.example,free,0,215,6,29,community
CUST-002801,Blake Mitchell,Logan,Smith,logan_smith@company.example,starter,49,1141,6,9,standard
CUST-002802,Logan Edwards,Charlie,Bell,charliebell@icloud.example,pro,199,811,6,30,standard
CUST-002803,Ravi Cook,Taylor,Wilson,taylorwilson@yahoo.example,starter,49,272,4,54,standard
CUST-002804,Avery Thomas,Sam,Scott,sam_scott@corp.example,free,0,989,7,9,community
CUST-002805,Alex Peterson,Phoenix,Wilson,phoenixwilson@outlook.example,starter,49,129,7,19,standard
CUST-002806,Taylor Murphy,Ravi,Garcia,ravi.garcia@proton.example,free,0,76,1,54,community
CUST-002807,Sage Garcia,Maya,Watson,maya_watson@outlook.example,free,0,237,9,24,community
CUST-002808,Blake Cook,Chen,Perez,chenperez@outlook.example,free,0,336,4,38,community
CUST-002809,Hiro Green,Iris,Edwards,iris.edwards@company.example,pro,199,1242,9,0,standard
CUST-002810,Mateus Parker,Chen,Rogers,chenrogers@proton.example,starter,49,294,5,37,standard
CUST-002811,Quinn Adams,Rowan,Evans,rowanevans@fastmail.example,free,0,607,6,38,community
CUST-002812,Cobalt Outfitters Studios,Aisha,Adams,aisha_adams@yahoo.example,enterprise,4999,360,5,29,white_glove
CUST-002813,Jamie James,Lane,Walker,lane.walker@corp.example,starter,49,1076,9,0,standard
CUST-002814,Skyler Campbell,Reese,Hill,reesehill@corp.example,free,0,196,4,25,community
CUST-002815,Aisha Ward,Blake,Mitchell,blake_mitchell@corp.example,free,0,258,4,38,community
CUST-002816,Wren Watson,Devin,Collins,devin_collins@fastmail.example,free,0,26,5,43,community
CUST-002817,Owen Green,Riley,Cox,rileycox@corp.example,starter,49,160,3,42,standard
CUST-002818,Devin Thomas,Jasmine,Bell,jasmine.bell@icloud.example,free,0,260,5,48,community
CUST-002819,Riley Torres,Lane,Torres,lanetorres@gmail.example,starter,49,1172,5,33,standard
CUST-002820,Charlie Perez,Riley,Watson,riley.watson@yahoo.example,starter,49,29,4,31,standard
CUST-002821,Riley Peterson,Sam,Brown,sam_brown@gmail.example,starter,49,16,4,40,standard
CUST-002822,Ravi Nelson,Chen,Martin,chen_martin@outlook.example,free,0,508,6,29,community
CUST-002823,Junction Networks Studios,Aisha,Morris,aisha.morris@proton.example,enterprise,4999,296,5,50,white_glove
CUST-002824,Reese Moore,Quinn,Cox,quinncox@gmail.example,free,0,1627,4,20,community
CUST-002825,Noor Watson,Logan,Sanchez,logansanchez@proton.example,free,0,233,1,54,community
CUST-002826,Sage Anderson,Hiro,Perez,hiro_perez@gmail.example,free,0,1800,8,1,community
CUST-002827,Cameron Young,Aisha,Bell,aisha.bell@outlook.example,pro,199,833,4,26,standard
CUST-002828,Anya Morris,Aisha,Roberts,aisha.roberts@company.example,starter,49,907,3,37,standard
CUST-002829,Charlie Phillips,Taylor,Watson,taylorwatson@proton.example,pro,199,855,6,21,standard
CUST-002830,Owen Adams,Chen,Young,chen_young@outlook.example,free,0,1211,8,20,community
CUST-002831,Sana Morgan,Indigo,Watson,indigo.watson@corp.example,free,0,244,7,14,community
CUST-002832,Taylor Anderson,Drew,Roberts,drew_roberts@icloud.example,starter,49,1758,7,3,standard
CUST-002833,Elena Watson,Priya,Collins,priya.collins@outlook.example,free,0,639,8,30,community
CUST-002834,Zenith Media Corp.,Hayden,Martinez,hayden.martinez@proton.example,business,799,1516,8,18,priority
CUST-002835,Aisha Carter,Chen,Reed,chen_reed@corp.example,free,0,1079,7,13,community
CUST-002836,Zenith Energy Studios,Alex,Collins,alexcollins@proton.example,business,799,19,3,52,priority
CUST-002837,Hayden Edwards,Marcus,Green,marcusgreen@company.example,free,0,1782,10,0,community
CUST-002838,Skyler Wilson,Logan,Brown,logan.brown@gmail.example,starter,49,740,6,1,standard
CUST-002839,Jamie Rogers,Marcus,Evans,marcusevans@yahoo.example,pro,199,113,7,34,standard
CUST-002840,Morgan Cox,Yuki,King,yuki_king@corp.example,free,0,157,6,44,community
CUST-002841,Alex Cook,Jamie,Stewart,jamie.stewart@proton.example,starter,49,17,6,23,standard
CUST-002842,Rowan Phillips,Mateus,Mitchell,mateusmitchell@fastmail.example,free,0,1448,5,16,community
CUST-002843,Iris Hall,Taylor,Wright,taylorwright@yahoo.example,free,0,1251,7,1,community
CUST-002844,Mateus Rodriguez,Elena,Jackson,elenajackson@icloud.example,free,0,25,2,54,community
CUST-002845,Lane Collins,Devin,Morris,devinmorris@fastmail.example,free,0,161,5,45,community
CUST-002846,Phoenix Anderson,Marcus,Evans,marcus.evans@icloud.example,free,0,15,9,16,community
CUST-002847,Quinn Campbell,Sam,Parker,sam_parker@proton.example,free,0,1270,8,0,community
CUST-002848,Maya Jackson,Sam,Nelson,samnelson@proton.example,free,0,1227,4,24,community
CUST-002849,Devin Campbell,Taylor,Wilson,taylorwilson@corp.example,free,0,273,5,32,community
CUST-002850,Kit Martin,Riley,Cox,rileycox@fastmail.example,free,0,1216,5,31,community
CUST-002851,Jasmine Rodriguez,Jasmine,Perez,jasmineperez@icloud.example,starter,49,171,8,9,standard
CUST-002852,Lane Lopez,Sam,Anderson,sam.anderson@icloud.example,pro,199,172,4,28,standard
CUST-002853,Devin Rivera,Sofia,Young,sofiayoung@outlook.example,free,0,1538,5,27,community
CUST-002854,Wren Moore,Blake,Garcia,blakegarcia@proton.example,free,0,312,5,31,community
CUST-002855,Hayden Rogers,Priya,Edwards,priya_edwards@yahoo.example,pro,199,246,6,20,standard
CUST-002856,Kit Rogers,Lex,Morris,lex.morris@outlook.example,pro,199,461,4,54,standard
CUST-002857,Diego Campbell,Hiro,Parker,hiroparker@proton.example,starter,49,968,3,31,standard
CUST-002858,Marcus Howard,Jasmine,Morris,jasmine.morris@outlook.example,starter,49,35,8,9,standard
CUST-002859,Charlie Green,Ravi,Howard,ravi.howard@company.example,pro,199,162,6,44,standard
CUST-002860,Drew Gray,Morgan,Green,morgan_green@fastmail.example,free,0,683,5,33,community
CUST-002861,Quinn James,Logan,Moore,loganmoore@company.example,starter,49,28,6,21,standard
CUST-002862,Chen Jackson,Rowan,Nelson,rowannelson@outlook.example,starter,49,141,2,59,standard
CUST-002863,Taylor Phillips,Taylor,Martinez,taylormartinez@company.example,pro,199,24,5,32,standard
CUST-002864,Kit Torres,Taylor,Lee,taylorlee@fastmail.example,starter,49,107,7,14,standard
CUST-002865,Chen Johnson,Sana,Green,sana_green@proton.example,free,0,695,8,24,community
CUST-002866,Lumen Energy Partners,Kit,Rodriguez,kitrodriguez@yahoo.example,business,799,1264,4,34,priority
CUST-002867,Chen Bell,Anya,Hall,anyahall@fastmail.example,free,0,250,5,50,community
CUST-002868,Charlie Ward,Anya,Smith,anya_smith@icloud.example,free,0,896,5,33,community
CUST-002869,Owen Reed,Theo,Johnson,theo_johnson@icloud.example,starter,49,513,6,23,standard
CUST-002870,Hiro Edwards,Taylor,Stewart,taylorstewart@fastmail.example,free,0,299,7,18,community
CUST-002871,Elena Collins,Noor,Moore,noormoore@yahoo.example,free,0,1347,2,30,community
CUST-002872,Sofia Morris,Reese,Watson,reese_watson@icloud.example,free,0,1299,7,13,community
CUST-002873,Devin Howard,Riley,Cook,riley.cook@icloud.example,pro,199,312,4,38,standard
CUST-002874,Wren Stewart,Quinn,Torres,quinn_torres@proton.example,pro,199,792,9,15,standard
CUST-002875,Wren Howard,Alex,Brown,alex_brown@outlook.example,free,0,192,4,46,community
CUST-002876,Owen Hill,Alex,Torres,alex_torres@gmail.example,pro,199,751,5,9,standard
CUST-002877,Taylor Martinez,Phoenix,Hill,phoenixhill@company.example,free,0,269,4,39,community
CUST-002878,Jordan Cox,Sage,Gray,sage_gray@yahoo.example,free,0,1460,9,9,community
CUST-002879,Lin Watson,Lex,Rodriguez,lex_rodriguez@company.example,starter,49,149,4,32,standard
CUST-002880,Marcus Torres,Jamie,Perez,jamie_perez@outlook.example,starter,49,454,8,35,standard
CUST-002881,Yuki Stewart,Lane,Thomas,lane_thomas@outlook.example,free,0,190,5,46,community
CUST-002882,Cameron Scott,Sofia,Morris,sofia_morris@outlook.example,starter,49,1758,8,10,standard
CUST-002883,Indigo Wright,Indigo,Stewart,indigo_stewart@icloud.example,free,0,25,7,30,community
CUST-002884,Yardarm Energy Studios,Hiro,Sanchez,hiro.sanchez@proton.example,enterprise,4999,43,10,25,white_glove
CUST-002885,Casey Gray,Charlie,Allen,charlie_allen@outlook.example,starter,49,1815,7,7,standard
CUST-002886,Noor Reed,Skyler,Evans,skyler.evans@outlook.example,free,0,1300,7,8,community
CUST-002887,Ari Reed,Jasmine,Lopez,jasminelopez@outlook.example,free,0,289,8,33,community
CUST-002888,Cameron Sanchez,Wren,Thomas,wren.thomas@gmail.example,pro,199,786,6,2,standard
CUST-002889,Anya Edwards,Sage,Hall,sage_hall@yahoo.example,starter,49,240,5,33,standard
CUST-002890,Cameron Allen,Logan,Jackson,loganjackson@gmail.example,starter,49,844,5,31,standard
CUST-002891,Iris Hill,Cameron,Johnson,cameron_johnson@company.example,free,0,233,3,39,community
CUST-002892,Casey Nelson,Sage,Rodriguez,sagerodriguez@fastmail.example,free,0,90,7,15,community
CUST-002893,Avery Bell,Sage,Baker,sage.baker@outlook.example,free,0,259,4,36,community
CUST-002894,Sana Peterson,Indigo,Ramirez,indigo.ramirez@icloud.example,starter,49,416,6,22,standard
CUST-002895,Diego Scott,Casey,Stewart,casey_stewart@yahoo.example,free,0,151,2,48,community
CUST-002896,Hiro Young,Elena,Walker,elena_walker@company.example,free,0,680,2,44,community
CUST-002897,Jasmine Walker,Hiro,Cooper,hirocooper@proton.example,starter,49,3,2,47,standard
CUST-002898,Drew Bell,Chen,Cook,chencook@company.example,free,0,359,2,54,community
CUST-002899,Phoenix Carter,Ari,Brown,ari_brown@yahoo.example,free,0,935,4,26,community
CUST-002900,Charlie Phillips,Chen,Cook,chen_cook@outlook.example,starter,49,989,10,0,standard
CUST-002901,Wren Bell,Hiro,Peterson,hiropeterson@proton.example,free,0,26,2,42,community
CUST-002902,Phoenix Rivera,Blake,Scott,blake.scott@company.example,free,0,724,7,21,community
CUST-002903,Cameron Jackson,Lane,Green,lane.green@corp.example,free,0,1221,3,24,community
CUST-002904,Riverstone Manufacturing Labs,Logan,Rivera,logan.rivera@icloud.example,enterprise,4999,731,9,0,white_glove
CUST-002905,Alex Cooper,Devin,Sanchez,devin.sanchez@icloud.example,starter,49,141,3,39,standard
CUST-002906,Sam Hall,Jamie,Peterson,jamiepeterson@yahoo.example,starter,49,29,9,11,standard
CUST-002907,Alex Hall,Logan,Scott,loganscott@company.example,starter,49,12,9,34,standard
CUST-002908,Morgan Howard,Elena,Howard,elenahoward@outlook.example,free,0,91,2,51,community
CUST-002909,Riley Hall,Marcus,Lee,marcus.lee@corp.example,pro,199,155,6,22,standard
CUST-002910,Jamie Allen,Cameron,Torres,camerontorres@corp.example,pro,199,22,3,28,standard
CUST-002911,Forge Health Industries,Sam,Carter,samcarter@outlook.example,enterprise,4999,1637,4,15,white_glove
CUST-002912,Aisha Smith,Sage,Murphy,sage.murphy@outlook.example,starter,49,796,4,29,standard
CUST-002913,Charlie Bell,Hayden,Bailey,haydenbailey@outlook.example,pro,199,115,3,28,standard
CUST-002914,Yuki Garcia,Noor,Bailey,noor_bailey@gmail.example,free,0,21,3,35,community
CUST-002915,Casey Evans,Quinn,Sanchez,quinnsanchez@proton.example,free,0,189,6,46,community
CUST-002916,Ari Nelson,Jordan,Thomas,jordan.thomas@outlook.example,free,0,10,3,35,community
CUST-002917,Sage Ramirez,Jasmine,Garcia,jasmine.garcia@company.example,free,0,574,5,24,community
CUST-002918,Indigo King,Cameron,Mitchell,cameron.mitchell@company.example,free,0,314,5,48,community
CUST-002919,Jordan Jackson,Lane,Rivera,lanerivera@fastmail.example,starter,49,12,8,17,standard
CUST-002920,Sofia Morris,Maya,Brown,mayabrown@outlook.example,free,0,933,4,26,community
CUST-002921,Lane Nelson,Sam,Davis,samdavis@yahoo.example,starter,49,1658,5,10,standard
CUST-002922,Jordan Peterson,Morgan,Allen,morganallen@gmail.example,free,0,1278,6,1,community
CUST-002923,Reese Scott,Lane,Thomas,lane.thomas@gmail.example,free,0,19,2,43,community
CUST-002924,Skyler Watson,Ravi,Walker,ravi.walker@icloud.example,free,0,943,2,29,community
CUST-002925,Sofia Gray,Phoenix,Walker,phoenixwalker@gmail.example,pro,199,1146,7,0,standard
CUST-002926,Charlie Hill,Rowan,Evans,rowanevans@proton.example,pro,199,1555,7,0,standard
CUST-002927,Mateus Martinez,Lane,Sanchez,lanesanchez@proton.example,free,0,2,4,33,community
CUST-002928,Lex Brown,Casey,Nelson,casey_nelson@icloud.example,free,0,258,10,6,community
CUST-002929,Drew Davis,Phoenix,Johnson,phoenix_johnson@fastmail.example,free,0,26,8,18,community
CUST-002930,Riley Howard,Rowan,Murphy,rowan.murphy@icloud.example,starter,49,321,0,61,standard
CUST-002931,Diego Lopez,Sage,Campbell,sage_campbell@yahoo.example,free,0,1,4,50,community
CUST-002932,Quanta Manufacturing Group,Mateus,Bailey,mateus_bailey@fastmail.example,business,799,10,5,50,priority
CUST-002933,Lex Baker,Hayden,Lopez,hayden_lopez@icloud.example,free,0,791,4,22,community
CUST-002934,Sana Watson,Aisha,Allen,aisha.allen@yahoo.example,free,0,1010,5,11,community
CUST-002935,Aisha Walker,Yuki,Torres,yukitorres@yahoo.example,pro,199,25,7,39,standard
CUST-002936,Jasmine Bell,Sam,Cook,sam_cook@proton.example,starter,49,1803,4,34,standard
CUST-002937,Sage Rogers,Jordan,Allen,jordan_allen@gmail.example,free,0,282,2,40,community
CUST-002938,Priya Parker,Lex,Martin,lex_martin@company.example,starter,49,35,3,53,standard
CUST-002939,Skyler Parker,Cameron,Mitchell,cameron_mitchell@fastmail.example,pro,199,312,6,21,standard
CUST-002940,Sage Richardson,Taylor,Howard,taylorhoward@yahoo.example,starter,49,6,6,36,standard
CUST-002941,Casey Nelson,Lin,Jackson,lin.jackson@company.example,pro,199,29,7,36,standard
CUST-002942,Lane Nelson,Lex,Smith,lex.smith@fastmail.example,pro,199,199,1,50,standard
CUST-002943,Cameron Adams,Wren,Murphy,wren.murphy@proton.example,pro,199,24,2,35,standard
CUST-002944,Blake Hall,Iris,Cook,iris_cook@proton.example,free,0,33,7,38,community
CUST-002945,Indigo Allen,Theo,Morgan,theo.morgan@yahoo.example,starter,49,272,4,24,standard
CUST-002946,Devin Rivera,Priya,Allen,priya_allen@proton.example,starter,49,17,6,38,standard
CUST-002947,Yardarm Energy Partners,Anya,Johnson,anyajohnson@proton.example,enterprise,4999,510,8,21,white_glove
CUST-002948,Cameron Davis,Kit,Bell,kitbell@yahoo.example,free,0,3,6,24,community
CUST-002949,Junction Outfitters Co-op,Maya,Morgan,mayamorgan@icloud.example,business,799,10,8,11,priority
CUST-002950,Theo Davis,Hayden,Rogers,hayden.rogers@icloud.example,free,0,1544,5,31,community
CUST-002951,Blake Parker,Devin,Martin,devin_martin@company.example,free,0,1124,9,5,community
CUST-002952,Ari Howard,Jamie,Smith,jamie.smith@icloud.example,free,0,359,10,26,community
CUST-002953,Jasmine Roberts,Chen,Torres,chen.torres@corp.example,pro,199,1294,7,1,standard
CUST-002954,Lex King,Hiro,Morgan,hiromorgan@company.example,starter,49,1804,6,15,standard
CUST-002955,Keystone Analytics Solutions,Chen,Murphy,chenmurphy@company.example,business,799,875,6,20,priority
CUST-002956,Blake Ward,Lane,Cooper,lanecooper@outlook.example,starter,49,2,6,32,standard
CUST-002957,Avery Collins,Owen,Cook,owencook@icloud.example,free,0,425,6,38,community
CUST-002958,Ravi Rivera,Anya,James,anya.james@fastmail.example,starter,49,26,4,26,standard
CUST-002959,Ari Scott,Avery,Ward,avery.ward@outlook.example,free,0,955,7,0,community
CUST-002960,Taylor Green,Morgan,Garcia,morgangarcia@proton.example,free,0,1691,7,20,community
CUST-002961,Kit Reed,Sage,Phillips,sage.phillips@yahoo.example,starter,49,25,7,39,standard
CUST-002962,Noor Scott,Jamie,Stewart,jamiestewart@gmail.example,free,0,1659,6,17,community
CUST-002963,Blake Mitchell,Charlie,Carter,charlie_carter@proton.example,pro,199,766,9,0,standard
CUST-002964,Orbit Energy & Co.,Priya,Wilson,priya_wilson@outlook.example,business,799,1054,7,22,priority
CUST-002965,Taylor Walker,Marcus,Rivera,marcus.rivera@outlook.example,free,0,955,7,5,community
CUST-002966,Mateus Hill,Theo,Baker,theo.baker@yahoo.example,free,0,157,8,8,community
CUST-002967,Marcus Carter,Devin,Mitchell,devinmitchell@gmail.example,free,0,534,4,41,community
CUST-002968,Jasmine Thomas,Iris,Morris,irismorris@outlook.example,pro,199,2,8,30,standard
CUST-002969,Maya Brown,Logan,Brown,logan_brown@company.example,starter,49,354,7,39,standard
CUST-002970,Maya Nelson,Owen,Hill,owenhill@yahoo.example,pro,199,320,5,29,standard
CUST-002971,Taylor Nelson,Lex,Nelson,lexnelson@yahoo.example,free,0,737,8,12,community
CUST-002972,Hiro Baker,Diego,Campbell,diegocampbell@company.example,starter,49,704,3,55,standard
CUST-002973,Yuki Rivera,Casey,Allen,casey.allen@proton.example,starter,49,1167,6,7,standard
CUST-002974,Sana Brown,Lane,Wright,lane_wright@outlook.example,starter,49,27,7,15,standard
CUST-002975,Riverstone Capital Holdings,Noor,Roberts,noor_roberts@corp.example,enterprise,4999,16,3,28,white_glove
CUST-002976,Quinn Thomas,Diego,Garcia,diego_garcia@gmail.example,free,0,1684,6,8,community
CUST-002977,Elena Watson,Lane,Lee,lane_lee@company.example,free,0,429,2,55,community
CUST-002978,Blake Bailey,Alex,Anderson,alex_anderson@gmail.example,free,0,10,8,15,community
CUST-002979,Owen Cox,Riley,Nelson,riley.nelson@outlook.example,starter,49,119,5,25,standard
CUST-002980,Kit Cox,Cameron,Rivera,cameronrivera@company.example,starter,49,549,3,49,standard
CUST-002981,Avery Thomas,Aisha,Reed,aisha.reed@corp.example,pro,199,1226,4,36,standard
CUST-002982,Element Outfitters LLC,Wren,Cox,wren.cox@outlook.example,business,799,606,4,47,priority
CUST-002983,Noor Ramirez,Yuki,Scott,yuki_scott@yahoo.example,free,0,214,6,30,community
CUST-002984,Cameron Morgan,Rowan,Reed,rowanreed@corp.example,free,0,357,5,31,community
CUST-002985,Casey James,Marcus,James,marcus_james@company.example,starter,49,653,5,34,standard
CUST-002986,Priya Richardson,Marcus,Adams,marcusadams@gmail.example,free,0,534,2,36,community
CUST-002987,Taylor Rodriguez,Ravi,Wright,ravi.wright@corp.example,free,0,101,8,33,community
CUST-002988,Jasmine Adams,Kit,Smith,kit.smith@outlook.example,pro,199,212,7,30,standard
CUST-002989,Noor Hall,Elena,Carter,elena.carter@fastmail.example,free,0,252,4,49,community
CUST-002990,Lin Morgan,Phoenix,Anderson,phoenixanderson@company.example,starter,49,625,4,31,standard
CUST-002991,Jamie Wright,Iris,Green,irisgreen@fastmail.example,starter,49,925,2,38,standard
CUST-002992,Avery Evans,Hiro,Campbell,hiro.campbell@fastmail.example,starter,49,15,7,14,standard
CUST-002993,Jordan Morris,Chen,Perez,chen_perez@icloud.example,starter,49,316,6,20,standard
CUST-002994,Jordan Parker,Maya,Adams,mayaadams@fastmail.example,free,0,1711,5,15,community
CUST-002995,Priya Peterson,Indigo,Young,indigoyoung@icloud.example,free,0,8,5,42,community
CUST-002996,Hayden Perez,Logan,Edwards,loganedwards@yahoo.example,pro,199,593,10,25,standard
CUST-002997,Iris Richardson,Hayden,Roberts,hayden.roberts@company.example,free,0,34,1,46,community
CUST-002998,Jordan Davis,Marcus,Morris,marcus_morris@outlook.example,free,0,1306,5,22,community
CUST-002999,Lin Rogers,Skyler,Anderson,skyler.anderson@proton.example,pro,199,402,5,43,standard
CUST-003000,Lin Young,Sana,Moore,sana_moore@gmail.example,starter,49,1698,7,20,standard
CUST-003001,Charlie Ramirez,Marcus,Johnson,marcus_johnson@proton.example,free,0,168,8,35,community
CUST-003002,Marcus Morgan,Ari,Rivera,aririvera@fastmail.example,starter,49,256,6,36,standard
CUST-003003,Theo Gray,Devin,Ward,devin.ward@fastmail.example,pro,199,27,10,29,standard
CUST-003004,Hiro Murphy,Jasmine,Hall,jasmine.hall@yahoo.example,free,0,1521,9,0,community
CUST-003005,Hiro Parker,Logan,Collins,logan.collins@proton.example,starter,49,842,3,35,standard
CUST-003006,Anya Mitchell,Jasmine,Hall,jasmine_hall@fastmail.example,free,0,1532,5,24,community
CUST-003007,Charlie Reed,Diego,Stewart,diego.stewart@fastmail.example,free,0,642,1,63,community
CUST-003008,Taylor Phillips,Anya,Collins,anya_collins@icloud.example,free,0,16,2,39,community
CUST-003009,Maya Morgan,Aisha,Smith,aisha_smith@icloud.example,free,0,424,10,16,community
CUST-003010,Marcus Brown,Skyler,King,skylerking@fastmail.example,free,0,902,3,21,community
CUST-003011,Wavelength Networks Holdings,Sana,Jackson,sana_jackson@company.example,business,799,1704,10,0,priority
CUST-003012,Morgan Martin,Mateus,Moore,mateus_moore@gmail.example,free,0,19,6,22,community
CUST-003013,Kit Johnson,Wren,Torres,wren_torres@proton.example,pro,199,273,3,50,standard
CUST-003014,Jasmine Murphy,Riley,Rogers,riley.rogers@outlook.example,free,0,211,3,31,community
CUST-003015,Aisha King,Maya,Rivera,maya_rivera@company.example,starter,49,6,7,13,standard
CUST-003016,Lin Lopez,Lane,Stewart,lane.stewart@outlook.example,starter,49,1484,9,3,standard
CUST-003017,Maya Parker,Casey,Morris,caseymorris@company.example,starter,49,1017,8,5,standard
CUST-003018,Sofia Bailey,Maya,Lee,mayalee@company.example,free,0,465,10,15,community
CUST-003019,Lane Mitchell,Jasmine,Perez,jasmine.perez@outlook.example,starter,49,212,2,59,standard
CUST-003020,Cameron Bell,Cameron,King,cameron.king@proton.example,pro,199,9,5,49,standard
CUST-003021,Avery Cooper,Lane,Martinez,lane.martinez@proton.example,pro,199,930,3,33,standard
CUST-003022,Rowan Evans,Morgan,Baker,morgan.baker@outlook.example,free,0,854,6,3,community
CUST-003023,Hayden Johnson,Sana,Thomas,sana_thomas@gmail.example,starter,49,76,4,27,standard
CUST-003024,Diego Davis,Quinn,Rogers,quinn.rogers@outlook.example,free,0,21,5,40,community
CUST-003025,Maya Campbell,Jasmine,Richardson,jasminerichardson@company.example,free,0,641,7,39,community
CUST-003026,Sam James,Sam,Johnson,sam.johnson@icloud.example,pro,199,196,6,42,standard
CUST-003027,Lex Wright,Ari,Davis,ari.davis@proton.example,starter,49,567,3,37,standard
CUST-003028,Lane Smith,Rowan,Phillips,rowan.phillips@fastmail.example,starter,49,318,6,41,standard
CUST-003029,Ravi Scott,Jamie,Collins,jamiecollins@outlook.example,free,0,897,8,0,community
CUST-003030,Skyler Peterson,Alex,Green,alex_green@outlook.example,free,0,27,1,56,community
CUST-003031,Yuki Torres,Hiro,Phillips,hiro_phillips@gmail.example,free,0,1290,5,33,community
CUST-003032,Riley Howard,Reese,Torres,reese.torres@proton.example,starter,49,342,2,51,standard
CUST-003033,Jordan Smith,Elena,Green,elena.green@gmail.example,starter,49,1606,7,27,standard
CUST-003034,Drew Allen,Jamie,Lee,jamie.lee@yahoo.example,starter,49,1575,2,25,standard
CUST-003035,Lex Johnson,Sana,Parker,sanaparker@company.example,free,0,1773,10,0,community
CUST-003036,Hayden Mitchell,Cameron,Bailey,cameron_bailey@corp.example,free,0,185,4,42,community
CUST-003037,Alex Cooper,Quinn,Young,quinn.young@proton.example,free,0,4,7,36,community
CUST-003038,Rowan Allen,Drew,Howard,drew.howard@icloud.example,free,0,1504,4,9,community
CUST-003039,Marcus Torres,Reese,Rivera,reeserivera@yahoo.example,starter,49,25,7,29,standard
CUST-003040,Indigo Jackson,Logan,Garcia,logan.garcia@corp.example,starter,49,3,3,47,standard
CUST-003041,Priya Perez,Kit,Edwards,kit_edwards@outlook.example,free,0,628,7,26,community
CUST-003042,Beacon Logistics Industries,Indigo,Hall,indigohall@corp.example,enterprise,4999,515,9,26,white_glove
CUST-003043,Lumen Retail LLC,Theo,James,theo.james@yahoo.example,business,799,216,4,30,priority
CUST-003044,Quinn Bailey,Reese,Walker,reese_walker@gmail.example,pro,199,29,5,26,standard
CUST-003045,Yuki Jackson,Sofia,Jackson,sofia.jackson@proton.example,free,0,995,3,14,community
CUST-003046,Morgan Adams,Reese,Murphy,reese_murphy@yahoo.example,starter,49,191,10,8,standard
CUST-003047,Owen Cox,Hiro,Edwards,hiro.edwards@proton.example,free,0,347,4,24,community
CUST-003048,Taylor Sanchez,Jordan,Evans,jordanevans@company.example,free,0,604,8,32,community
CUST-003049,Avery Young,Marcus,Davis,marcusdavis@fastmail.example,starter,49,929,4,36,standard
CUST-003050,Drew Rivera,Indigo,Perez,indigoperez@outlook.example,pro,199,1009,5,15,standard
CUST-003051,Casey Smith,Aisha,Reed,aisha.reed@corp.example,free,0,1190,5,15,community
CUST-003052,Zenith Media Corp.,Priya,Scott,priya_scott@corp.example,business,799,1104,8,18,priority
CUST-003053,Ari Gray,Sage,Rivera,sage_rivera@proton.example,free,0,118,4,45,community
CUST-003054,Maya Rodriguez,Logan,Cooper,logan_cooper@gmail.example,pro,199,7,6,36,standard
CUST-003055,Wren Lopez,Reese,Baker,reesebaker@gmail.example,free,0,5,2,37,community
CUST-003056,Wavelength Capital & Co.,Indigo,Parker,indigo_parker@yahoo.example,enterprise,4999,1444,8,11,white_glove
CUST-003057,Sage Edwards,Reese,Rivera,reeserivera@company.example,pro,199,1509,1,21,standard
CUST-003058,Diego Richardson,Indigo,James,indigo_james@company.example,free,0,661,4,31,community
CUST-003059,Noor Perez,Sofia,Anderson,sofiaanderson@gmail.example,free,0,897,8,2,community
CUST-003060,Hayden Anderson,Lane,Parker,lane.parker@outlook.example,pro,199,1583,7,3,standard
CUST-003061,Rowan Johnson,Sage,Phillips,sage.phillips@corp.example,starter,49,22,7,13,standard
CUST-003062,Junction Retail Labs,Phoenix,Davis,phoenixdavis@corp.example,business,799,1085,7,9,priority
CUST-003063,Charlie Lee,Jordan,Richardson,jordan_richardson@outlook.example,free,0,1252,1,49,community
CUST-003064,Hiro Cox,Aisha,James,aisha_james@outlook.example,starter,49,2,2,36,standard
CUST-003065,Riley Torres,Charlie,King,charlie.king@company.example,starter,49,723,10,0,standard
CUST-003066,Iris Collins,Blake,Hill,blake.hill@fastmail.example,free,0,1529,8,21,community
CUST-003067,Lex Brown,Wren,Davis,wren.davis@company.example,free,0,674,5,31,community
CUST-003068,Morgan Lee,Hiro,Stewart,hirostewart@proton.example,free,0,20,1,56,community
CUST-003069,Junction Capital Studios,Ravi,Lopez,ravilopez@fastmail.example,business,799,174,6,36,priority
CUST-003070,Wren Young,Priya,Rogers,priyarogers@yahoo.example,free,0,1003,6,27,community
CUST-003071,Yuki Evans,Taylor,Bell,taylorbell@fastmail.example,free,0,856,2,37,community
CUST-003072,Quinn Edwards,Logan,Martinez,loganmartinez@yahoo.example,free,0,26,10,9,community
CUST-003073,Jordan Thomas,Sana,Nelson,sana_nelson@corp.example,free,0,321,2,49,community
CUST-003074,Junction Foods Labs,Charlie,Roberts,charlie_roberts@fastmail.example,business,799,975,3,34,priority
CUST-003075,Lex Murphy,Phoenix,Perez,phoenix_perez@proton.example,starter,49,157,5,20,standard
CUST-003076,Diego Gray,Skyler,Perez,skylerperez@fastmail.example,free,0,508,2,60,community
CUST-003077,Chen Allen,Lin,Walker,lin.walker@gmail.example,starter,49,2,7,12,standard
CUST-003078,Skyler Adams,Hayden,Sanchez,hayden_sanchez@outlook.example,free,0,115,6,24,community
CUST-003079,Hiro Wilson,Cameron,Green,cameron_green@yahoo.example,free,0,26,6,42,community
CUST-003080,Elena Morgan,Aisha,Lee,aisha_lee@corp.example,starter,49,637,5,48,standard
CUST-003081,Jasmine Watson,Quinn,Rodriguez,quinnrodriguez@corp.example,free,0,1775,4,14,community
CUST-003082,Diego Cooper,Sage,Green,sage_green@gmail.example,starter,49,338,4,53,standard
CUST-003083,Lin Johnson,Marcus,Green,marcusgreen@gmail.example,starter,49,24,8,30,standard
CUST-003084,Mateus Murphy,Wren,Davis,wren_davis@yahoo.example,starter,49,324,0,46,standard
CUST-003085,Gravity Manufacturing Partners,Sage,Reed,sage_reed@gmail.example,business,799,1819,4,37,priority
CUST-003086,Kit Jackson,Alex,Rivera,alex.rivera@yahoo.example,pro,199,232,5,30,standard
CUST-003087,Iris Bell,Maya,Ward,maya_ward@proton.example,starter,49,695,7,38,standard
CUST-003088,Priya King,Phoenix,James,phoenix.james@yahoo.example,free,0,281,3,33,community
CUST-003089,Marcus Moore,Skyler,Moore,skyler.moore@proton.example,free,0,123,5,46,community
CUST-003090,Jordan Watson,Lin,Mitchell,lin.mitchell@yahoo.example,pro,199,1375,7,0,standard
CUST-003091,Sage Richardson,Anya,Garcia,anya.garcia@outlook.example,pro,199,1799,4,22,standard
CUST-003092,Maya Anderson,Aisha,Howard,aisha.howard@company.example,pro,199,1585,1,48,standard
CUST-003093,Casey Edwards,Ari,Sanchez,ari.sanchez@gmail.example,free,0,1555,5,15,community
CUST-003094,Lane Richardson,Kit,Edwards,kit.edwards@fastmail.example,free,0,20,6,42,community
CUST-003095,Jordan Martin,Iris,Cook,iriscook@gmail.example,pro,199,55,0,59,standard
CUST-003096,Maya King,Sofia,Richardson,sofia.richardson@icloud.example,free,0,684,4,46,community
CUST-003097,Riley Evans,Wren,Murphy,wren.murphy@icloud.example,starter,49,1069,5,29,standard
CUST-003098,Charlie Ramirez,Phoenix,Bell,phoenixbell@outlook.example,pro,199,820,0,52,standard
CUST-003099,Hayden Sanchez,Jamie,Carter,jamie.carter@proton.example,pro,199,982,7,15,standard
CUST-003100,Phoenix Howard,Kit,Roberts,kit_roberts@corp.example,free,0,2,8,8,community
CUST-003101,Iris Wright,Chen,King,chen_king@fastmail.example,starter,49,18,4,36,standard
CUST-003102,Quinn Sanchez,Marcus,Morgan,marcusmorgan@fastmail.example,starter,49,966,1,34,standard
CUST-003103,Kit Howard,Sofia,Johnson,sofia.johnson@gmail.example,free,0,87,2,48,community
CUST-003104,Jamie Nelson,Diego,Walker,diegowalker@proton.example,free,0,1325,3,20,community
CUST-003105,Sofia Lee,Quinn,Perez,quinn.perez@icloud.example,free,0,93,8,25,community
CUST-003106,Lin Sanchez,Taylor,Watson,taylor_watson@outlook.example,pro,199,1,5,29,standard
CUST-003107,Jasmine Morgan,Skyler,Perez,skyler_perez@gmail.example,starter,49,141,6,28,standard
CUST-003108,Blake King,Morgan,Green,morgangreen@outlook.example,starter,49,218,5,26,standard
CUST-003109,Elena Wright,Hiro,Phillips,hiro.phillips@gmail.example,free,0,170,4,53,community
CUST-003110,Junction Retail Holdings,Alex,Gray,alex_gray@proton.example,business,799,1161,6,8,priority
CUST-003111,Chen Bailey,Phoenix,Bailey,phoenixbailey@fastmail.example,free,0,1392,6,26,community
CUST-003112,Charlie Morris,Drew,Murphy,drewmurphy@corp.example,pro,199,1089,3,31,standard
CUST-003113,Jordan Scott,Casey,Rivera,caseyrivera@yahoo.example,starter,49,1323,6,31,standard
CUST-003114,Rowan Brown,Wren,Cook,wren.cook@fastmail.example,starter,49,978,6,9,standard
CUST-003115,Theo James,Hayden,Baker,hayden.baker@icloud.example,free,0,25,6,17,community
CUST-003116,Jamie Rogers,Sofia,James,sofiajames@company.example,starter,49,360,9,8,standard
CUST-003117,Jamie Rogers,Avery,Bell,avery.bell@corp.example,starter,49,640,10,21,standard
CUST-003118,Morgan Gray,Noor,Smith,noor_smith@yahoo.example,starter,49,1742,9,0,standard
CUST-003119,Rowan Wilson,Marcus,Thomas,marcus.thomas@outlook.example,free,0,616,3,58,community
CUST-003120,Aisha Hall,Chen,Murphy,chenmurphy@gmail.example,free,0,267,7,17,community
CUST-003121,Theo Johnson,Theo,Rivera,theo.rivera@proton.example,starter,49,19,7,24,standard
CUST-003122,Sage Stewart,Reese,Green,reese.green@company.example,free,0,531,0,42,community
CUST-003123,Kit Reed,Sana,Carter,sana.carter@proton.example,starter,49,183,10,20,standard
CUST-003124,Hiro Edwards,Marcus,Carter,marcus.carter@outlook.example,free,0,338,6,41,community
CUST-003125,Sam Gray,Iris,Phillips,irisphillips@icloud.example,pro,199,362,8,19,standard
CUST-003126,Chen Brown,Lane,Lopez,lane_lopez@gmail.example,pro,199,128,5,30,standard
CUST-003127,Devin Martin,Theo,Moore,theo_moore@icloud.example,free,0,1605,2,23,community
CUST-003128,Jamie Martin,Logan,Richardson,logan_richardson@fastmail.example,free,0,1593,0,49,community
CUST-003129,Morgan Collins,Elena,Bell,elenabell@company.example,pro,199,807,7,21,standard
CUST-003130,Kit Perez,Aisha,Cox,aisha.cox@outlook.example,starter,49,1631,7,11,standard
CUST-003131,Lumen Outfitters Labs,Sage,Reed,sage.reed@proton.example,business,799,129,5,42,priority
CUST-003132,Phoenix Morgan,Maya,Evans,mayaevans@fastmail.example,pro,199,22,5,27,standard
CUST-003133,Keystone Media Partners,Phoenix,Evans,phoenix_evans@yahoo.example,enterprise,4999,416,5,47,white_glove
CUST-003134,Casey Thomas,Morgan,Roberts,morgan.roberts@fastmail.example,pro,199,671,7,18,standard
CUST-003135,Hiro Sanchez,Avery,Martin,averymartin@icloud.example,free,0,1665,6,19,community
CUST-003136,Drew Cox,Lex,Wilson,lexwilson@yahoo.example,free,0,899,8,11,community
CUST-003137,Drew Rogers,Devin,Collins,devin_collins@gmail.example,starter,49,25,3,37,standard
CUST-003138,Sage Rivera,Riley,Hall,riley_hall@icloud.example,free,0,1801,7,17,community
CUST-003139,Riley Hill,Yuki,Peterson,yukipeterson@outlook.example,pro,199,394,5,33,standard
CUST-003140,Beacon Manufacturing Works,Blake,Lee,blake_lee@yahoo.example,business,799,577,5,35,priority
CUST-003141,Marcus Peterson,Lin,James,linjames@outlook.example,free,0,1281,7,8,community
CUST-003142,Wren Smith,Chen,James,chenjames@fastmail.example,starter,49,887,9,8,standard
CUST-003143,Vector Media Solutions,Drew,Ward,drew_ward@gmail.example,business,799,246,4,26,priority
CUST-003144,Sofia Reed,Riley,Walker,riley_walker@proton.example,free,0,2,6,28,community
CUST-003145,Logan Watson,Ravi,Mitchell,ravi_mitchell@company.example,pro,199,201,4,36,standard
CUST-003146,Lane Anderson,Maya,Sanchez,maya.sanchez@fastmail.example,free,0,265,3,28,community
CUST-003147,Anya Wright,Blake,Adams,blake_adams@corp.example,starter,49,195,5,25,standard
CUST-003148,Lex Adams,Sofia,Campbell,sofiacampbell@corp.example,free,0,821,6,7,community
CUST-003149,Jasmine Evans,Lex,Collins,lex.collins@gmail.example,free,0,1076,6,3,community
CUST-003150,Indigo Sanchez,Ari,Carter,ari.carter@icloud.example,free,0,1053,10,0,community
CUST-003151,Ravi Rodriguez,Riley,Lopez,riley_lopez@fastmail.example,starter,49,144,7,15,standard
CUST-003152,Xenon Retail Studios,Sana,Carter,sanacarter@icloud.example,business,799,1304,4,32,priority
CUST-003153,Reese Rivera,Phoenix,Richardson,phoenixrichardson@yahoo.example,pro,199,3,9,26,standard
CUST-003154,Yardarm Health Partners,Diego,Thomas,diegothomas@corp.example,business,799,952,3,31,priority
CUST-003155,Tundra Retail Industries,Charlie,Perez,charlieperez@corp.example,business,799,22,5,45,priority
CUST-003156,Jasmine Brown,Indigo,Bell,indigobell@gmail.example,free,0,427,6,30,community
CUST-003157,Kit Cook,Casey,Campbell,casey_campbell@gmail.example,free,0,1569,6,5,community
CUST-003158,Drew Collins,Casey,Morris,casey.morris@icloud.example,pro,199,161,2,35,standard
CUST-003159,Zenith Robotics Partners,Cameron,James,cameronjames@fastmail.example,business,799,1331,4,12,priority
CUST-003160,Lin James,Owen,Moore,owen.moore@fastmail.example,free,0,97,5,45,community
CUST-003161,Ravi Sanchez,Sam,Garcia,sam.garcia@company.example,free,0,1380,5,8,community
CUST-003162,Noor Cooper,Marcus,Adams,marcusadams@outlook.example,starter,49,1357,8,0,standard
CUST-003163,Taylor Young,Theo,Rodriguez,theo_rodriguez@proton.example,free,0,225,6,17,community
CUST-003164,Riley Young,Sofia,Lopez,sofialopez@company.example,starter,49,222,1,64,standard
CUST-003165,Mateus Torres,Jordan,Wright,jordan_wright@corp.example,free,0,415,8,16,community
CUST-003166,Reese Scott,Ravi,Walker,ravi.walker@yahoo.example,free,0,230,6,40,community
CUST-003167,Jasmine Martinez,Taylor,Green,taylor_green@outlook.example,starter,49,854,3,24,standard
CUST-003168,Morgan Campbell,Elena,Morris,elenamorris@outlook.example,starter,49,1334,2,18,standard
CUST-003169,Lin Garcia,Lane,Baker,lane.baker@yahoo.example,pro,199,200,2,35,standard
CUST-003170,Morgan Wright,Theo,Carter,theo.carter@gmail.example,free,0,180,6,22,community
CUST-003171,Morgan Bell,Wren,Collins,wrencollins@outlook.example,starter,49,966,4,36,standard
CUST-003172,Anya Gray,Phoenix,Carter,phoenix.carter@gmail.example,pro,199,708,7,17,standard
CUST-003173,Nimbus Capital Partners,Priya,Young,priyayoung@company.example,business,799,254,6,39,priority
CUST-003174,Tundra Foods Systems,Jordan,Ramirez,jordan_ramirez@gmail.example,business,799,854,3,29,priority
CUST-003175,Ravi Gray,Logan,Wright,logan.wright@outlook.example,starter,49,823,5,13,standard
CUST-003176,Owen Carter,Aisha,Garcia,aishagarcia@company.example,starter,49,310,6,44,standard
CUST-003177,Sam Bell,Blake,Collins,blake_collins@corp.example,free,0,10,10,29,community
CUST-003178,Logan Gray,Owen,Rivera,owen.rivera@icloud.example,free,0,24,2,55,community
CUST-003179,Sam Perez,Wren,Howard,wren.howard@gmail.example,free,0,738,3,36,community
CUST-003180,Ari Walker,Blake,Brown,blakebrown@company.example,starter,49,653,0,59,standard
CUST-003181,Quinn Moore,Taylor,Walker,taylor_walker@icloud.example,free,0,66,8,9,community
CUST-003182,Priya Edwards,Jasmine,Morgan,jasminemorgan@yahoo.example,starter,49,15,10,8,standard
CUST-003183,Cameron Richardson,Indigo,Brown,indigo.brown@fastmail.example,free,0,25,10,13,community
CUST-003184,Jordan Hill,Anya,Jackson,anya_jackson@fastmail.example,pro,199,885,6,5,standard
CUST-003185,Riley Walker,Cameron,Stewart,cameronstewart@yahoo.example,pro,199,655,3,52,standard
CUST-003186,Alex Martinez,Theo,Hall,theo_hall@proton.example,free,0,14,6,28,community
CUST-003187,Ari Davis,Noor,Reed,noor_reed@gmail.example,starter,49,899,3,28,standard
CUST-003188,Owen Richardson,Logan,Morgan,logan.morgan@proton.example,free,0,29,7,30,community
CUST-003189,Taylor Rodriguez,Diego,Martin,diego.martin@proton.example,free,0,1747,7,10,community
CUST-003190,Avery Rivera,Ravi,Moore,ravimoore@company.example,free,0,311,4,51,community
CUST-003191,Maya Mitchell,Indigo,Lee,indigo.lee@corp.example,free,0,4,8,28,community
CUST-003192,Avery Rivera,Rowan,Morgan,rowan.morgan@icloud.example,free,0,864,5,35,community
CUST-003193,Phoenix Campbell,Theo,Hill,theo.hill@fastmail.example,starter,49,2,3,49,standard
CUST-003194,Yardarm Foods Partners,Jamie,Allen,jamie_allen@gmail.example,business,799,231,6,16,priority
CUST-003195,Junction Manufacturing Corp.,Marcus,Hill,marcus.hill@fastmail.example,business,799,263,6,35,priority
CUST-003196,Phoenix Lopez,Jasmine,Garcia,jasmine_garcia@outlook.example,free,0,671,6,16,community
CUST-003197,Aisha Gray,Noor,Sanchez,noorsanchez@icloud.example,free,0,155,2,39,community
CUST-003198,Ari Nelson,Lin,Collins,lincollins@corp.example,free,0,1332,5,17,community
CUST-003199,Jasmine Richardson,Marcus,Murphy,marcus.murphy@company.example,pro,199,1664,1,49,standard
CUST-003200,Priya Garcia,Sam,Reed,sam.reed@company.example,pro,199,67,8,25,standard
CUST-003201,Drew Moore,Taylor,Campbell,taylorcampbell@fastmail.example,starter,49,844,6,4,standard
CUST-003202,Devin Green,Cameron,Lee,cameron_lee@proton.example,free,0,1730,6,1,community
CUST-003203,Drew Ward,Reese,Cook,reese.cook@corp.example,starter,49,168,0,69,standard
CUST-003204,Noor Murphy,Mateus,Carter,mateuscarter@outlook.example,starter,49,92,4,52,standard
CUST-003205,Lin Cook,Sana,Rivera,sana_rivera@company.example,free,0,837,6,21,community
CUST-003206,Yuki Young,Devin,Wilson,devin.wilson@corp.example,pro,199,323,7,25,standard
CUST-003207,Noor Carter,Casey,Garcia,casey.garcia@outlook.example,starter,49,155,7,22,standard
CUST-003208,Sana Perez,Indigo,Gray,indigo.gray@fastmail.example,free,0,154,6,19,community
CUST-003209,Blake Bell,Elena,Nelson,elenanelson@gmail.example,free,0,741,5,14,community
CUST-003210,Ari Rogers,Lane,Richardson,lanerichardson@fastmail.example,starter,49,1093,10,0,standard
CUST-003211,Diego King,Maya,Murphy,mayamurphy@outlook.example,free,0,19,2,62,community
CUST-003212,Sam Cook,Theo,Wilson,theo.wilson@yahoo.example,free,0,909,5,23,community
CUST-003213,Taylor Cox,Ravi,Scott,ravi.scott@yahoo.example,free,0,1351,7,18,community
CUST-003214,Priya Jackson,Mateus,Johnson,mateus.johnson@yahoo.example,starter,49,1464,7,24,standard
CUST-003215,Casey Cooper,Sam,Phillips,sam.phillips@yahoo.example,free,0,14,6,24,community
CUST-003216,Helix Robotics Partners,Drew,Green,drew.green@outlook.example,business,799,1214,4,9,priority
CUST-003217,Polaris Retail Holdings,Ari,Smith,ari_smith@gmail.example,business,799,1496,4,23,priority
CUST-003218,Devin Bailey,Morgan,Morgan,morgan_morgan@icloud.example,pro,199,589,4,39,standard
CUST-003219,Sofia Murphy,Mateus,Cooper,mateuscooper@outlook.example,free,0,13,5,48,community
CUST-003220,Lex Hall,Jamie,Morris,jamie.morris@company.example,free,0,29,5,45,community
CUST-003221,Diego Cox,Kit,Rivera,kit.rivera@corp.example,pro,199,153,0,62,standard
CUST-003222,Sofia Carter,Rowan,Bell,rowanbell@fastmail.example,starter,49,412,4,44,standard
CUST-003223,Reese Bailey,Devin,Collins,devin.collins@outlook.example,free,0,82,3,39,community
CUST-003224,Marcus Anderson,Drew,Peterson,drew_peterson@proton.example,free,0,1681,7,11,community
CUST-003225,Maya Rivera,Noor,Mitchell,noor_mitchell@company.example,pro,199,920,4,37,standard
CUST-003226,Mateus Peterson,Theo,Carter,theo_carter@corp.example,pro,199,764,2,30,standard
CUST-003227,Hayden Carter,Quinn,King,quinn.king@icloud.example,starter,49,523,6,27,standard
CUST-003228,Priya Young,Devin,Peterson,devinpeterson@corp.example,free,0,1415,4,37,community
CUST-003229,Meridian Analytics Co-op,Hayden,Cox,haydencox@proton.example,business,799,815,4,39,priority
CUST-003230,Kit Rogers,Priya,Collins,priya_collins@gmail.example,starter,49,26,10,16,standard
CUST-003231,Lex Morgan,Theo,Torres,theo.torres@yahoo.example,starter,49,1496,5,33,standard
CUST-003232,Maya Lopez,Skyler,Smith,skyler.smith@outlook.example,starter,49,1333,4,25,standard
CUST-003233,Reese Johnson,Wren,Davis,wrendavis@proton.example,free,0,1293,7,15,community
CUST-003234,Aisha Mitchell,Iris,Evans,irisevans@outlook.example,free,0,1657,4,20,community
CUST-003235,Lane Allen,Sam,James,samjames@outlook.example,free,0,171,3,33,community
CUST-003236,Hiro Lopez,Morgan,Walker,morganwalker@yahoo.example,pro,199,635,8,25,standard
CUST-003237,Blake James,Ari,Johnson,ari_johnson@yahoo.example,free,0,918,6,28,community
CUST-003238,Drew Cooper,Priya,Reed,priya.reed@outlook.example,free,0,44,5,44,community
CUST-003239,Taylor Cooper,Aisha,Cooper,aisha_cooper@outlook.example,free,0,85,6,38,community
CUST-003240,Aisha Murphy,Aisha,Baker,aisha.baker@yahoo.example,free,0,677,4,51,community
CUST-003241,Ari Collins,Owen,King,owen.king@gmail.example,starter,49,430,4,54,standard
CUST-003242,Yuki Smith,Yuki,Rodriguez,yukirodriguez@gmail.example,free,0,414,7,26,community
CUST-003243,Priya Roberts,Quinn,Rogers,quinn_rogers@corp.example,starter,49,29,0,56,standard
CUST-003244,Acme Health Co-op,Lex,Collins,lex_collins@corp.example,business,799,639,5,47,priority
CUST-003245,Maya Gray,Hayden,Sanchez,hayden.sanchez@gmail.example,pro,199,335,10,7,standard
CUST-003246,Acme Foods Systems,Phoenix,Cook,phoenix.cook@outlook.example,business,799,502,8,16,priority
CUST-003247,Acme Robotics LLC,Hayden,Ward,hayden.ward@gmail.example,business,799,711,7,15,priority
CUST-003248,Devin Richardson,Phoenix,Scott,phoenix_scott@outlook.example,pro,199,699,3,52,standard
CUST-003249,Cameron Campbell,Kit,Bell,kit.bell@gmail.example,starter,49,1069,7,2,standard
CUST-003250,Morgan Rogers,Skyler,Mitchell,skyler_mitchell@yahoo.example,free,0,48,7,19,community
CUST-003251,Ari Mitchell,Logan,Murphy,logan_murphy@proton.example,free,0,112,6,18,community
CUST-003252,Logan Lopez,Ari,Watson,ari_watson@gmail.example,starter,49,248,6,40,standard
CUST-003253,Indigo Johnson,Logan,Edwards,loganedwards@outlook.example,pro,199,306,10,20,standard
CUST-003254,Sam Collins,Jasmine,Nelson,jasminenelson@proton.example,free,0,66,3,49,community
CUST-003255,Charlie Torres,Sage,Campbell,sagecampbell@gmail.example,starter,49,121,6,25,standard
CUST-003256,Sana Cook,Hayden,Bailey,haydenbailey@yahoo.example,starter,49,521,3,36,standard
CUST-003257,Delta Media Systems,Cameron,Hill,cameron.hill@proton.example,business,799,796,6,3,priority
CUST-003258,Chen Murphy,Quinn,Cook,quinn.cook@outlook.example,free,0,343,6,26,community
CUST-003259,Ravi Howard,Chen,Wilson,chenwilson@corp.example,free,0,709,9,23,community
CUST-003260,Hayden Reed,Blake,Lee,blake.lee@company.example,free,0,1311,5,24,community
CUST-003261,Quinn Torres,Sage,Walker,sagewalker@icloud.example,pro,199,1323,8,0,standard
CUST-003262,Riley Ward,Wren,Lee,wren.lee@company.example,free,0,9,2,58,community
CUST-003263,Hayden Thomas,Alex,Evans,alexevans@corp.example,pro,199,1621,6,1,standard
CUST-003264,Wavelength Capital Group,Chen,Cook,chencook@outlook.example,enterprise,4999,651,5,29,white_glove
CUST-003265,Drew Baker,Kit,Watson,kit.watson@gmail.example,free,0,720,6,25,community
CUST-003266,Hayden Murphy,Chen,Thomas,chen_thomas@fastmail.example,free,0,1032,7,10,community
CUST-003267,Ravi Johnson,Noor,Stewart,noor.stewart@yahoo.example,free,0,939,4,22,community
CUST-003268,Quanta Networks & Co.,Priya,Anderson,priyaanderson@yahoo.example,business,799,346,6,38,priority
CUST-003269,Ari Rogers,Charlie,Scott,charlie_scott@corp.example,free,0,26,5,27,community
CUST-003270,Yuki Wilson,Reese,Collins,reese_collins@proton.example,free,0,546,6,23,community
CUST-003271,Sofia Martinez,Chen,Johnson,chen_johnson@icloud.example,free,0,526,8,31,community
CUST-003272,Elena Gray,Maya,Mitchell,maya_mitchell@company.example,starter,49,931,2,18,standard
CUST-003273,Lane Bell,Ravi,Campbell,ravi_campbell@fastmail.example,pro,199,21,7,27,standard
CUST-003274,Acme Logistics Works,Indigo,Nelson,indigo.nelson@icloud.example,enterprise,4999,1334,5,30,white_glove
CUST-003275,Jasmine Ramirez,Alex,Murphy,alex.murphy@gmail.example,starter,49,169,5,45,standard
CUST-003276,Blake Rivera,Aisha,Smith,aisha_smith@yahoo.example,starter,49,618,7,41,standard
CUST-003277,Avery Ramirez,Marcus,Gray,marcus_gray@gmail.example,pro,199,1636,8,0,standard
CUST-003278,Maya Carter,Sam,Cook,sam_cook@outlook.example,free,0,1088,5,32,community
CUST-003279,Marcus Adams,Jamie,Johnson,jamie_johnson@company.example,starter,49,450,3,47,standard
CUST-003280,Lex Hall,Yuki,Bailey,yukibailey@outlook.example,starter,49,614,3,30,standard
CUST-003281,Riley Rogers,Sam,Ramirez,samramirez@outlook.example,free,0,3,3,35,community
CUST-003282,Theo Evans,Theo,Moore,theomoore@gmail.example,starter,49,1258,8,0,standard
CUST-003283,Quanta Retail Holdings,Aisha,Davis,aisha.davis@icloud.example,business,799,89,6,18,priority
CUST-003284,Lin Jackson,Casey,Wilson,casey.wilson@outlook.example,free,0,1272,5,18,community
CUST-003285,Quanta Networks LLC,Kit,Brown,kit_brown@yahoo.example,enterprise,4999,2,2,41,white_glove
CUST-003286,Lin Martin,Diego,Ramirez,diego_ramirez@yahoo.example,pro,199,583,3,57,standard
CUST-003287,Rowan Martinez,Riley,Murphy,rileymurphy@proton.example,free,0,1491,3,39,community
CUST-003288,Marcus Nelson,Charlie,Edwards,charlieedwards@corp.example,pro,199,314,6,24,standard
CUST-003289,Marcus Walker,Indigo,Campbell,indigo_campbell@corp.example,free,0,1695,9,0,community
CUST-003290,Marcus Garcia,Jasmine,Wright,jasmine_wright@gmail.example,pro,199,1520,6,10,standard
CUST-003291,Indigo Baker,Logan,Wright,logan.wright@yahoo.example,free,0,522,2,42,community
CUST-003292,Taylor Hall,Alex,Carter,alex.carter@icloud.example,free,0,21,7,27,community
CUST-003293,Alex Hill,Noor,Stewart,noor_stewart@proton.example,free,0,735,4,15,community
CUST-003294,Logan Garcia,Sage,Hill,sage.hill@company.example,pro,199,400,8,12,standard
CUST-003295,Lane Campbell,Theo,Lee,theolee@company.example,pro,199,1395,7,3,standard
CUST-003296,Quinn Garcia,Jordan,Phillips,jordanphillips@corp.example,pro,199,1057,6,30,standard
CUST-003297,Hayden Scott,Blake,Lopez,blakelopez@icloud.example,free,0,375,6,36,community
CUST-003298,Taylor Jackson,Sana,Perez,sana_perez@icloud.example,starter,49,1812,6,21,standard
CUST-003299,Quinn Jackson,Noor,Allen,noorallen@proton.example,starter,49,78,8,13,standard
CUST-003300,Cobalt Health Industries,Jordan,Wright,jordan.wright@company.example,business,799,1257,6,30,priority
CUST-003301,Indigo Carter,Anya,Campbell,anya.campbell@outlook.example,starter,49,41,5,45,standard
CUST-003302,Priya Rivera,Aisha,Sanchez,aisha.sanchez@outlook.example,pro,199,1822,3,35,standard
CUST-003303,Noor Cooper,Quinn,Campbell,quinn.campbell@outlook.example,pro,199,1607,3,16,standard
CUST-003304,Lane Hall,Jamie,Hill,jamie.hill@proton.example,starter,49,26,7,30,standard
CUST-003305,Charlie Lee,Elena,Baker,elena.baker@icloud.example,free,0,83,7,25,community
CUST-003306,Reese Richardson,Priya,Adams,priya_adams@company.example,starter,49,438,8,21,standard
CUST-003307,Orbit Energy Labs,Hayden,Allen,haydenallen@fastmail.example,enterprise,4999,90,7,13,white_glove
CUST-003308,Elena Walker,Noor,Bailey,noorbailey@proton.example,free,0,958,6,11,community
CUST-003309,Xenon Robotics Industries,Wren,Cook,wrencook@proton.example,business,799,249,10,30,priority
CUST-003310,Noor Smith,Iris,Reed,iris.reed@outlook.example,free,0,1403,7,0,community
CUST-003311,Avery Phillips,Quinn,Reed,quinnreed@gmail.example,starter,49,865,6,21,standard
CUST-003312,Kit Ward,Anya,Martin,anya.martin@corp.example,starter,49,1106,7,9,standard
CUST-003313,Theo Stewart,Logan,Morgan,logan.morgan@yahoo.example,free,0,5,8,27,community
CUST-003314,Alex Reed,Hayden,Cook,hayden.cook@yahoo.example,starter,49,94,3,42,standard
CUST-003315,Kit Gray,Taylor,Johnson,taylor_johnson@gmail.example,free,0,199,4,35,community
CUST-003316,Diego Murphy,Anya,Young,anyayoung@icloud.example,starter,49,328,6,45,standard
CUST-003317,Blake Thomas,Indigo,Morris,indigo_morris@proton.example,starter,49,1736,0,31,standard
CUST-003318,Sam Morgan,Jasmine,Campbell,jasmine_campbell@icloud.example,pro,199,1088,10,0,standard
CUST-003319,Priya Morris,Elena,Martin,elenamartin@icloud.example,free,0,35,4,51,community
CUST-003320,Rowan Lee,Riley,Edwards,rileyedwards@proton.example,free,0,106,6,39,community
CUST-003321,Devin Thomas,Blake,Baker,blakebaker@company.example,free,0,1055,8,2,community
CUST-003322,Beacon Logistics Labs,Taylor,Ward,taylor.ward@corp.example,business,799,391,9,5,priority
CUST-003323,Sage Nelson,Maya,Adams,maya_adams@company.example,starter,49,1254,4,37,standard
CUST-003324,Skyler Wilson,Anya,Bell,anya.bell@company.example,starter,49,1687,5,20,standard
CUST-003325,Sana Walker,Hiro,Cox,hiro_cox@outlook.example,starter,49,341,10,17,standard
CUST-003326,Forge Energy Co-op,Jasmine,Evans,jasmine_evans@outlook.example,business,799,1551,7,0,priority
CUST-003327,Logan Johnson,Morgan,Carter,morgan.carter@yahoo.example,pro,199,1649,5,7,standard
CUST-003328,Reese Morris,Ravi,Johnson,ravi_johnson@company.example,free,0,108,8,32,community
CUST-003329,Meridian Retail LLC,Anya,Walker,anya_walker@fastmail.example,enterprise,4999,22,9,33,white_glove
CUST-003330,Lin Cook,Aisha,Parker,aisha_parker@company.example,pro,199,1050,2,46,standard
CUST-003331,Blake Carter,Jasmine,Hill,jasminehill@icloud.example,pro,199,1495,10,2,standard
CUST-003332,Mateus Davis,Iris,Thomas,iris.thomas@fastmail.example,starter,49,568,10,21,standard
CUST-003333,Iris Bailey,Ravi,Garcia,ravi_garcia@gmail.example,free,0,119,2,41,community
CUST-003334,Jamie Murphy,Riley,Green,rileygreen@gmail.example,starter,49,1283,0,55,standard
CUST-003335,Summit Robotics Industries,Skyler,Jackson,skyler_jackson@yahoo.example,business,799,534,7,32,priority
CUST-003336,Tundra Energy Holdings,Sam,Scott,sam_scott@company.example,enterprise,4999,727,2,43,white_glove
CUST-003337,Cameron King,Reese,Nelson,reese_nelson@company.example,starter,49,231,4,25,standard
CUST-003338,Sofia Rogers,Chen,Walker,chen.walker@company.example,starter,49,727,1,60,standard
CUST-003339,Orbit Capital LLC,Owen,James,owen_james@yahoo.example,business,799,1000,9,9,priority
CUST-003340,Blake Phillips,Hiro,Allen,hiro_allen@company.example,free,0,1023,1,25,community
CUST-003341,Hiro Walker,Jasmine,Gray,jasmine_gray@fastmail.example,pro,199,193,7,23,standard
CUST-003342,Kit Martinez,Riley,King,riley_king@icloud.example,free,0,1232,5,24,community
CUST-003343,Rowan Roberts,Owen,Perez,owen_perez@proton.example,pro,199,342,2,36,standard
CUST-003344,Aisha Richardson,Drew,Garcia,drew.garcia@outlook.example,free,0,78,5,32,community
CUST-003345,Priya James,Charlie,Rivera,charlie.rivera@icloud.example,free,0,321,2,55,community
CUST-003346,Sofia Gray,Logan,Cox,logan_cox@outlook.example,starter,49,116,7,32,standard
CUST-003347,Sofia Edwards,Aisha,Hill,aisha.hill@icloud.example,free,0,991,10,10,community
CUST-003348,Mateus Allen,Morgan,Baker,morgan_baker@proton.example,starter,49,274,4,48,standard
CUST-003349,Cameron Moore,Mateus,Johnson,mateus.johnson@outlook.example,pro,199,27,3,51,standard
CUST-003350,Marcus Young,Theo,Murphy,theo.murphy@yahoo.example,free,0,276,3,44,community
CUST-003351,Charlie Collins,Lex,Rivera,lexrivera@gmail.example,free,0,1070,9,0,community
CUST-003352,Sam James,Anya,Reed,anyareed@gmail.example,starter,49,221,8,11,standard
CUST-003353,Jasmine Richardson,Jordan,Ward,jordan.ward@yahoo.example,starter,49,1737,6,19,standard
CUST-003354,Quinn Ramirez,Noor,Peterson,noor.peterson@corp.example,pro,199,1235,6,11,standard
CUST-003355,Skyler Walker,Ari,Perez,ari.perez@yahoo.example,free,0,1244,4,20,community
CUST-003356,Alex Adams,Casey,Adams,casey.adams@proton.example,starter,49,876,6,13,standard
CUST-003357,Skyler Young,Lex,Green,lex_green@corp.example,pro,199,102,10,13,standard
CUST-003358,Diego Ward,Iris,Scott,iris.scott@outlook.example,starter,49,18,6,30,standard
CUST-003359,Elena Edwards,Iris,Parker,iris.parker@icloud.example,free,0,235,0,52,community
CUST-003360,Kit Rogers,Logan,Sanchez,logan_sanchez@fastmail.example,starter,49,822,2,35,standard
CUST-003361,Logan Wilson,Jamie,Allen,jamieallen@yahoo.example,free,0,229,6,43,community
CUST-003362,Sofia Nelson,Devin,Mitchell,devinmitchell@company.example,pro,199,587,7,35,standard
CUST-003363,Jasmine Jackson,Morgan,Morris,morgan_morris@icloud.example,pro,199,1251,3,35,standard
CUST-003364,Taylor Collins,Sam,Young,sam_young@icloud.example,starter,49,2,5,31,standard
CUST-003365,Delta Manufacturing Works,Quinn,Walker,quinnwalker@icloud.example,business,799,18,10,4,priority
CUST-003366,Tundra Foods Labs,Alex,Stewart,alex.stewart@corp.example,business,799,226,5,36,priority
CUST-003367,Priya Richardson,Jordan,Lopez,jordan_lopez@outlook.example,starter,49,458,8,38,standard
CUST-003368,Nimbus Foods Solutions,Sana,Torres,sanatorres@company.example,business,799,918,4,28,priority
CUST-003369,Ravi Allen,Blake,Ramirez,blakeramirez@outlook.example,pro,199,1609,5,18,standard
CUST-003370,Logan Green,Lex,Morris,lex.morris@yahoo.example,free,0,52,4,36,community
CUST-003371,Owen Evans,Charlie,Bailey,charliebailey@icloud.example,free,0,624,5,49,community
CUST-003372,Kit Campbell,Yuki,Ward,yuki_ward@company.example,starter,49,155,7,20,standard
CUST-003373,Marcus Baker,Sage,Smith,sage_smith@gmail.example,free,0,15,0,68,community
CUST-003374,Marcus Hill,Elena,Thomas,elena_thomas@gmail.example,free,0,438,8,19,community
CUST-003375,Mateus Bailey,Theo,Scott,theo_scott@fastmail.example,starter,49,1520,5,27,standard
CUST-003376,Cameron Reed,Diego,Davis,diego.davis@yahoo.example,pro,199,211,5,29,standard
CUST-003377,Reese Garcia,Noor,Murphy,noor.murphy@yahoo.example,free,0,726,7,39,community
CUST-003378,Lin James,Ari,Murphy,arimurphy@proton.example,pro,199,11,9,21,standard
CUST-003379,Blake Mitchell,Yuki,Wright,yukiwright@icloud.example,starter,49,156,10,15,standard
CUST-003380,Hiro Lopez,Ari,Smith,ari_smith@outlook.example,free,0,17,4,37,community
CUST-003381,Meridian Capital Works,Noor,Bailey,noor_bailey@gmail.example,business,799,53,6,26,priority
CUST-003382,Rowan Walker,Marcus,Martin,marcus_martin@company.example,free,0,860,6,28,community
CUST-003383,Wavelength Foods Labs,Sana,Campbell,sanacampbell@outlook.example,enterprise,4999,64,5,27,white_glove
CUST-003384,Anya Peterson,Kit,Lopez,kitlopez@company.example,free,0,262,5,20,community
CUST-003385,Owen Phillips,Phoenix,Evans,phoenixevans@icloud.example,free,0,268,7,17,community
CUST-003386,Reese Roberts,Sana,Bailey,sana_bailey@fastmail.example,free,0,38,3,47,community
CUST-003387,Skyler Lopez,Maya,Moore,maya_moore@yahoo.example,starter,49,160,4,27,standard
CUST-003388,Owen Thomas,Kit,Thomas,kit_thomas@yahoo.example,starter,49,725,7,14,standard
CUST-003389,Maya Lopez,Lane,Lopez,lane.lopez@icloud.example,free,0,188,3,57,community
CUST-003390,Jamie Bell,Mateus,Jackson,mateus_jackson@outlook.example,pro,199,99,1,62,standard
CUST-003391,Lane James,Wren,Gray,wren_gray@proton.example,free,0,3,8,37,community
CUST-003392,Phoenix Baker,Sam,Moore,sam_moore@gmail.example,starter,49,6,5,20,standard
CUST-003393,Blake Brown,Maya,Morgan,maya.morgan@outlook.example,free,0,1366,10,0,community
CUST-003394,Reese Scott,Hayden,Walker,hayden.walker@company.example,starter,49,312,9,10,standard
CUST-003395,Phoenix Jackson,Iris,Mitchell,iris_mitchell@icloud.example,starter,49,1362,6,3,standard
CUST-003396,Indigo Rodriguez,Jordan,Phillips,jordan_phillips@outlook.example,free,0,378,5,21,community
CUST-003397,Polaris Manufacturing & Co.,Wren,Thomas,wrenthomas@corp.example,enterprise,4999,1517,6,10,white_glove
CUST-003398,Sofia Campbell,Aisha,Smith,aishasmith@corp.example,free,0,375,8,11,community
CUST-003399,Noor Richardson,Ravi,Rodriguez,ravi.rodriguez@outlook.example,free,0,340,8,16,community
CUST-003400,Casey Roberts,Jasmine,Smith,jasmine.smith@fastmail.example,starter,49,220,2,62,standard
CUST-003401,Lin King,Mateus,Scott,mateus_scott@outlook.example,free,0,18,6,31,community
CUST-003402,Riley Perez,Sage,Cooper,sage.cooper@outlook.example,starter,49,501,7,29,standard
CUST-003403,Ravi Collins,Logan,Moore,logan.moore@proton.example,starter,49,24,3,58,standard
CUST-003404,Charlie Baker,Chen,Cooper,chen_cooper@icloud.example,pro,199,1101,1,34,standard
CUST-003405,Lex Reed,Diego,Thomas,diegothomas@icloud.example,free,0,1051,4,33,community
CUST-003406,Jasmine Scott,Jasmine,Peterson,jasminepeterson@proton.example,pro,199,160,4,54,standard
CUST-003407,Drew Ramirez,Iris,Torres,iris.torres@outlook.example,starter,49,197,3,55,standard
CUST-003408,Sana Wright,Sam,Sanchez,sam_sanchez@proton.example,starter,49,297,7,23,standard
CUST-003409,Cameron Young,Lane,Cooper,lanecooper@company.example,free,0,339,7,24,community
CUST-003410,Casey Walker,Drew,Walker,drew.walker@company.example,pro,199,229,9,25,standard
CUST-003411,Charlie Carter,Ravi,Peterson,ravi.peterson@proton.example,free,0,277,9,17,community
CUST-003412,Mateus Mitchell,Hayden,Rivera,hayden_rivera@company.example,pro,199,1462,5,17,standard
CUST-003413,Quinn Roberts,Hiro,Johnson,hiro_johnson@proton.example,starter,49,120,8,20,standard
CUST-003414,Iris Hill,Reese,Garcia,reese_garcia@company.example,starter,49,42,6,18,standard
CUST-003415,Avery Howard,Hayden,Lee,haydenlee@icloud.example,free,0,531,4,53,community
CUST-003416,Gravity Media Industries,Lin,Hall,lin.hall@fastmail.example,business,799,1662,7,4,priority
CUST-003417,Hiro Torres,Mateus,Ward,mateusward@icloud.example,free,0,1442,6,31,community
CUST-003418,Cameron Bailey,Charlie,Morgan,charlie_morgan@icloud.example,free,0,1010,4,21,community
CUST-003419,Anya Hall,Marcus,Collins,marcus_collins@gmail.example,free,0,308,7,34,community
CUST-003420,Alex Roberts,Aisha,Anderson,aishaanderson@corp.example,free,0,8,5,37,community
CUST-003421,Blake Evans,Mateus,Young,mateus_young@outlook.example,starter,49,1370,5,11,standard
CUST-003422,Lin Sanchez,Skyler,Scott,skyler.scott@company.example,starter,49,101,7,32,standard
CUST-003423,Indigo Peterson,Anya,Evans,anyaevans@company.example,free,0,91,7,23,community
CUST-003424,Tundra Logistics Studios,Charlie,Johnson,charliejohnson@corp.example,business,799,268,6,36,priority
CUST-003425,Skyler Adams,Wren,Ward,wren_ward@icloud.example,starter,49,511,9,24,standard
CUST-003426,Charlie Johnson,Cameron,Adams,cameronadams@outlook.example,starter,49,101,10,11,standard
CUST-003427,Noor Morris,Sofia,Allen,sofiaallen@proton.example,starter,49,288,6,21,standard
CUST-003428,Phoenix Rivera,Yuki,Perez,yuki.perez@outlook.example,pro,199,894,9,10,standard
CUST-003429,Taylor Bell,Hiro,Wright,hiro_wright@fastmail.example,free,0,927,4,30,community
CUST-003430,Charlie Campbell,Theo,Torres,theotorres@proton.example,free,0,18,9,26,community
CUST-003431,Morgan Hall,Avery,Howard,avery_howard@outlook.example,starter,49,154,6,34,standard
CUST-003432,Yuki Hill,Aisha,Hill,aisha_hill@fastmail.example,pro,199,91,7,22,standard
CUST-003433,Jasmine Cox,Morgan,Morgan,morganmorgan@outlook.example,starter,49,364,3,51,standard
CUST-003434,Cameron Anderson,Iris,Roberts,iris_roberts@gmail.example,free,0,25,10,3,community
CUST-003435,Sofia Mitchell,Owen,Anderson,owen_anderson@fastmail.example,free,0,157,7,22,community
CUST-003436,Chen Parker,Noor,Gray,noor_gray@gmail.example,free,0,26,6,34,community
CUST-003437,Logan Cook,Taylor,Rodriguez,taylorrodriguez@gmail.example,free,0,28,5,50,community
CUST-003438,Ravi Richardson,Lane,Campbell,lane_campbell@company.example,starter,49,1002,5,30,standard
CUST-003439,Element Analytics Labs,Sage,Garcia,sage_garcia@company.example,business,799,173,4,48,priority
CUST-003440,Maya Green,Anya,Scott,anya_scott@proton.example,starter,49,103,5,36,standard
CUST-003441,Theo Cox,Cameron,Watson,cameronwatson@outlook.example,free,0,198,5,30,community
CUST-003442,Elena Peterson,Alex,Scott,alex.scott@proton.example,free,0,751,0,54,community
CUST-003443,Devin Garcia,Maya,Murphy,mayamurphy@yahoo.example,starter,49,917,10,9,standard
CUST-003444,Taylor Ward,Lane,Campbell,lane_campbell@corp.example,free,0,229,6,24,community
CUST-003445,Blake Martin,Anya,Roberts,anyaroberts@gmail.example,free,0,74,7,30,community
CUST-003446,Kit Davis,Iris,Martin,irismartin@proton.example,free,0,1253,6,6,community
CUST-003447,Sana Davis,Priya,Wilson,priya_wilson@proton.example,pro,199,5,2,41,standard
CUST-003448,Riley Jackson,Cameron,Davis,cameron_davis@proton.example,starter,49,364,4,46,standard
CUST-003449,Avery Bailey,Indigo,Johnson,indigo_johnson@proton.example,pro,199,42,6,37,standard
CUST-003450,Jordan Davis,Elena,Cox,elena.cox@company.example,starter,49,17,9,31,standard
CUST-003451,Devin Martin,Iris,Howard,iris_howard@outlook.example,free,0,173,5,45,community
CUST-003452,Aisha Mitchell,Jasmine,Davis,jasminedavis@gmail.example,pro,199,1,2,54,standard
CUST-003453,Reese Mitchell,Anya,Richardson,anyarichardson@company.example,free,0,154,9,10,community
CUST-003454,Lane Wright,Lin,Garcia,lin_garcia@fastmail.example,pro,199,111,10,30,standard
CUST-003455,Element Robotics Industries,Elena,Collins,elenacollins@fastmail.example,enterprise,4999,439,5,41,white_glove
CUST-003456,Alex Martin,Devin,Allen,devin.allen@yahoo.example,starter,49,51,4,46,standard
CUST-003457,Xenon Retail Systems,Taylor,Davis,taylor.davis@outlook.example,business,799,1005,5,8,priority
CUST-003458,Skyler Smith,Chen,Gray,chen.gray@gmail.example,starter,49,4,6,19,standard
CUST-003459,Anya Brown,Ari,King,ariking@company.example,free,0,818,8,19,community
CUST-003460,Cameron Phillips,Riley,Howard,rileyhoward@corp.example,free,0,26,2,52,community
CUST-003461,Avery Peterson,Mateus,Peterson,mateus_peterson@gmail.example,pro,199,400,7,22,standard
CUST-003462,Quanta Media Industries,Sage,Rodriguez,sage.rodriguez@company.example,business,799,36,8,18,priority
CUST-003463,Charlie Johnson,Ravi,King,ravi_king@fastmail.example,free,0,1755,8,21,community
CUST-003464,Riley Bell,Quinn,Rivera,quinn.rivera@icloud.example,free,0,82,6,37,community
CUST-003465,Junction Capital Systems,Drew,Green,drewgreen@company.example,enterprise,4999,823,4,17,white_glove
CUST-003466,Kit Howard,Ravi,James,ravi_james@proton.example,starter,49,406,2,50,standard
CUST-003467,Marcus Richardson,Chen,Edwards,chen.edwards@gmail.example,starter,49,923,6,26,standard
CUST-003468,Phoenix Walker,Owen,Howard,owen.howard@outlook.example,free,0,829,6,15,community
CUST-003469,Charlie Morgan,Jamie,Perez,jamie_perez@proton.example,starter,49,428,6,40,standard
CUST-003470,Priya Evans,Avery,Jackson,avery.jackson@gmail.example,free,0,137,4,52,community
CUST-003471,Jordan Richardson,Riley,Garcia,riley.garcia@company.example,pro,199,19,5,49,standard
CUST-003472,Riverstone Logistics Partners,Phoenix,Hill,phoenix_hill@proton.example,business,799,993,4,21,priority
CUST-003473,Elena Rogers,Cameron,Carter,cameron_carter@company.example,starter,49,537,5,35,standard
CUST-003474,Priya Martin,Drew,King,drew_king@gmail.example,starter,49,487,5,33,standard
CUST-003475,Jordan Evans,Theo,Smith,theosmith@icloud.example,pro,199,938,10,0,standard
CUST-003476,Wren Murphy,Chen,Roberts,chenroberts@corp.example,free,0,191,6,37,community
CUST-003477,Lin Watson,Diego,Collins,diego_collins@company.example,starter,49,17,3,50,standard
CUST-003478,Meridian Robotics Industries,Morgan,Ramirez,morgan_ramirez@corp.example,business,799,1216,6,2,priority
CUST-003479,Devin Wilson,Devin,Morris,devin_morris@company.example,free,0,223,6,35,community
CUST-003480,Kit Hall,Quinn,Garcia,quinn_garcia@outlook.example,starter,49,312,5,44,standard
CUST-003481,Marcus Wilson,Drew,Ward,drew.ward@icloud.example,free,0,697,4,31,community
CUST-003482,Owen Wright,Riley,Morris,rileymorris@gmail.example,starter,49,1378,6,22,standard
CUST-003483,Blake Peterson,Alex,Richardson,alex_richardson@corp.example,starter,49,232,5,34,standard
CUST-003484,Summit Capital & Co.,Avery,Rogers,avery.rogers@fastmail.example,business,799,221,5,50,priority
CUST-003485,Iris Watson,Hiro,Parker,hiro.parker@fastmail.example,pro,199,727,5,44,standard
CUST-003486,Hayden Hill,Lex,Reed,lex_reed@company.example,pro,199,794,10,0,standard
CUST-003487,Phoenix Peterson,Sam,Torres,sam_torres@icloud.example,starter,49,156,5,44,standard
CUST-003488,Alex Lee,Anya,Baker,anya.baker@proton.example,free,0,794,9,0,community
CUST-003489,Rowan Ward,Ravi,Rogers,ravi_rogers@company.example,free,0,6,8,29,community
CUST-003490,Lex Stewart,Lane,Wright,lanewright@fastmail.example,starter,49,281,5,22,standard
CUST-003491,Yuki Green,Jordan,Howard,jordan_howard@yahoo.example,starter,49,143,4,47,standard
CUST-003492,Jordan Stewart,Sam,Scott,sam_scott@gmail.example,starter,49,625,5,50,standard
CUST-003493,Element Outfitters Systems,Reese,Morris,reesemorris@proton.example,business,799,509,6,34,priority
CUST-003494,Kit Cox,Alex,Reed,alexreed@outlook.example,starter,49,327,7,35,standard
CUST-003495,Sage Gray,Diego,Reed,diego_reed@yahoo.example,starter,49,181,5,43,standard
CUST-003496,Phoenix Wilson,Skyler,Howard,skylerhoward@corp.example,free,0,1615,5,17,community
CUST-003497,Cameron Morris,Lane,Phillips,lane.phillips@company.example,pro,199,14,10,24,standard
CUST-003498,Taylor Cook,Jasmine,Anderson,jasmine_anderson@yahoo.example,starter,49,328,8,23,standard
CUST-003499,Devin Bell,Jamie,Ramirez,jamieramirez@corp.example,free,0,659,9,27,community
CUST-003500,Reese Lopez,Sam,Collins,samcollins@outlook.example,starter,49,262,0,65,standard
CUST-003501,Casey Scott,Ravi,Watson,raviwatson@yahoo.example,pro,199,1072,7,27,standard
CUST-003502,Hiro Collins,Hayden,Smith,hayden.smith@company.example,free,0,28,5,30,community
CUST-003503,Vector Media & Co.,Chen,Johnson,chen.johnson@gmail.example,business,799,16,0,46,priority
CUST-003504,Casey Morris,Morgan,Martin,morgan_martin@proton.example,free,0,1221,9,4,community
CUST-003505,Maya Phillips,Jasmine,Torres,jasminetorres@corp.example,starter,49,1825,7,26,standard
CUST-003506,Sofia James,Lin,Walker,linwalker@yahoo.example,free,0,335,6,21,community
CUST-003507,Gravity Capital Works,Jamie,Howard,jamiehoward@icloud.example,business,799,29,7,19,priority
CUST-003508,Sana Cox,Riley,Sanchez,riley_sanchez@fastmail.example,starter,49,1786,4,36,standard
CUST-003509,Devin Gray,Ravi,Moore,ravimoore@yahoo.example,starter,49,358,4,40,standard
CUST-003510,Priya Wright,Quinn,Anderson,quinn_anderson@corp.example,free,0,555,6,19,community
CUST-003511,Jordan Collins,Sofia,Morgan,sofia_morgan@proton.example,free,0,790,10,4,community
CUST-003512,Theo Baker,Blake,Moore,blakemoore@corp.example,pro,199,770,2,22,standard
CUST-003513,Avery Collins,Devin,Adams,devin_adams@proton.example,pro,199,29,2,32,standard
CUST-003514,Jamie Walker,Jamie,Smith,jamiesmith@yahoo.example,free,0,1030,8,0,community
CUST-003515,Noor Jackson,Priya,Sanchez,priya_sanchez@fastmail.example,free,0,1785,7,12,community
CUST-003516,Blake Young,Devin,King,devin_king@fastmail.example,free,0,854,5,29,community
CUST-003517,Wren Wright,Cameron,Bell,cameronbell@fastmail.example,starter,49,337,3,32,standard
CUST-003518,Forge Networks Works,Drew,Wright,drew_wright@outlook.example,business,799,747,4,28,priority
CUST-003519,Sage Phillips,Elena,Morgan,elena.morgan@outlook.example,free,0,1698,3,14,community
CUST-003520,Alex Wilson,Diego,Davis,diegodavis@gmail.example,free,0,869,5,24,community
CUST-003521,Phoenix Martinez,Logan,Davis,logan_davis@outlook.example,starter,49,595,4,27,standard
CUST-003522,Ari Allen,Sofia,Edwards,sofia.edwards@outlook.example,pro,199,213,6,27,standard
CUST-003523,Riley Brown,Iris,Perez,iris_perez@corp.example,pro,199,1006,5,27,standard
CUST-003524,Riley Rivera,Devin,Jackson,devin_jackson@gmail.example,pro,199,306,9,14,standard
CUST-003525,Hayden Evans,Diego,Johnson,diego_johnson@outlook.example,free,0,995,5,26,community
CUST-003526,Ravi Carter,Priya,James,priya.james@gmail.example,free,0,596,5,33,community
CUST-003527,Alex Rodriguez,Reese,Nelson,reesenelson@yahoo.example,starter,49,6,3,42,standard
CUST-003528,Logan Bell,Lex,James,lex_james@company.example,free,0,1766,4,28,community
CUST-003529,Riley Young,Riley,Martinez,riley_martinez@company.example,starter,49,968,6,16,standard
CUST-003530,Indigo Reed,Lane,Hill,lanehill@corp.example,starter,49,85,3,40,standard
CUST-003531,Indigo Watson,Lin,Green,lin_green@icloud.example,free,0,538,8,9,community
CUST-003532,Reese Hill,Jasmine,Rodriguez,jasmine.rodriguez@gmail.example,pro,199,170,8,16,standard
CUST-003533,Charlie Campbell,Jordan,Ramirez,jordan.ramirez@yahoo.example,free,0,210,5,35,community
CUST-003534,Avery Reed,Rowan,Allen,rowan_allen@company.example,starter,49,1344,1,41,standard
CUST-003535,Jamie Ramirez,Skyler,Mitchell,skyler_mitchell@yahoo.example,free,0,1753,5,9,community
CUST-003536,Kit Allen,Priya,Walker,priyawalker@corp.example,free,0,1003,8,0,community
CUST-003537,Sage Morris,Iris,Stewart,iris.stewart@icloud.example,free,0,335,7,40,community
CUST-003538,Cameron Peterson,Chen,Gray,chengray@yahoo.example,starter,49,46,3,39,standard
CUST-003539,Cameron Scott,Anya,Phillips,anya.phillips@icloud.example,free,0,280,10,4,community
CUST-003540,Helix Media Industries,Marcus,Scott,marcusscott@icloud.example,enterprise,4999,547,5,48,white_glove
CUST-003541,Iris Perez,Devin,Moore,devin_moore@icloud.example,starter,49,228,5,37,standard
CUST-003542,Devin Carter,Iris,Richardson,irisrichardson@corp.example,starter,49,340,0,60,standard
CUST-003543,Charlie Phillips,Yuki,Perez,yuki.perez@outlook.example,starter,49,214,6,38,standard
CUST-003544,Beacon Capital Industries,Anya,Wright,anya_wright@yahoo.example,business,799,1324,3,18,priority
CUST-003545,Skyler Mitchell,Charlie,Peterson,charlie_peterson@yahoo.example,free,0,38,3,30,community
CUST-003546,Casey Parker,Ari,Reed,arireed@proton.example,starter,49,129,6,45,standard
CUST-003547,Logan Hill,Ari,Allen,ariallen@fastmail.example,free,0,27,5,21,community
CUST-003548,Iris Cooper,Maya,Perez,maya.perez@yahoo.example,free,0,46,6,18,community
CUST-003549,Logan Walker,Devin,Young,devin_young@gmail.example,free,0,1602,0,47,community
CUST-003550,Morgan Garcia,Anya,Walker,anya_walker@outlook.example,free,0,2,4,54,community
CUST-003551,Nimbus Media Works,Lex,Morgan,lex.morgan@outlook.example,business,799,446,7,31,priority
CUST-003552,Phoenix Lopez,Elena,King,elena_king@company.example,free,0,173,7,23,community
CUST-003553,Casey Bell,Lane,Sanchez,lane_sanchez@icloud.example,free,0,209,6,38,community
CUST-003554,Lin Roberts,Chen,Howard,chen_howard@fastmail.example,pro,199,1691,3,13,standard
CUST-003555,Riley Davis,Hiro,Torres,hiro.torres@corp.example,pro,199,250,8,34,standard
CUST-003556,Jordan Scott,Lin,Cox,lin_cox@fastmail.example,starter,49,104,10,28,standard
CUST-003557,Jordan Peterson,Jordan,Wilson,jordan.wilson@fastmail.example,free,0,1519,3,20,community
CUST-003558,Summit Retail Works,Kit,Peterson,kit.peterson@yahoo.example,business,799,964,8,0,priority
CUST-003559,Marcus Cooper,Chen,Collins,chen.collins@outlook.example,starter,49,1536,5,21,standard
CUST-003560,Kit Young,Morgan,Ramirez,morgan.ramirez@icloud.example,free,0,291,7,34,community
CUST-003561,Charlie Reed,Kit,Collins,kitcollins@gmail.example,free,0,146,1,62,community
CUST-003562,Charlie Young,Phoenix,Peterson,phoenix.peterson@gmail.example,free,0,1122,6,18,community
CUST-003563,Hayden Martin,Noor,Wilson,noorwilson@gmail.example,starter,49,470,2,52,standard
CUST-003564,Diego Brown,Devin,Anderson,devin_anderson@gmail.example,free,0,1094,5,30,community
CUST-003565,Sam Adams,Yuki,Ward,yuki.ward@company.example,free,0,278,6,40,community
CUST-003566,Quinn Gray,Riley,Ramirez,riley_ramirez@fastmail.example,pro,199,584,7,29,standard
CUST-003567,Marcus Thomas,Riley,Bell,riley_bell@fastmail.example,pro,199,147,4,36,standard
CUST-003568,Sage Smith,Ari,Hall,ari.hall@company.example,free,0,1750,5,33,community
CUST-003569,Morgan Sanchez,Logan,Watson,logan_watson@yahoo.example,pro,199,679,10,12,standard
CUST-003570,Diego Howard,Casey,Baker,casey.baker@outlook.example,free,0,473,6,25,community
CUST-003571,Devin Moore,Rowan,James,rowan.james@yahoo.example,pro,199,144,7,24,standard
CUST-003572,Maya Collins,Diego,Peterson,diego_peterson@fastmail.example,free,0,1779,7,11,community
CUST-003573,Marcus Rivera,Sage,Johnson,sage_johnson@icloud.example,pro,199,494,4,45,standard
CUST-003574,Riverstone Robotics Labs,Diego,Parker,diego.parker@company.example,business,799,118,7,16,priority
CUST-003575,Ari Cox,Ravi,Martin,ravi.martin@gmail.example,starter,49,1087,6,20,standard
CUST-003576,Skyler Cook,Morgan,Stewart,morgan_stewart@gmail.example,starter,49,26,2,57,standard
CUST-003577,Ari Baker,Ari,Rodriguez,ari_rodriguez@fastmail.example,free,0,354,7,41,community
CUST-003578,Skyler Lee,Phoenix,Adams,phoenix_adams@company.example,starter,49,110,5,46,standard
CUST-003579,Hiro Perez,Yuki,Martin,yukimartin@fastmail.example,starter,49,717,4,38,standard
CUST-003580,Maya Morgan,Charlie,Cox,charliecox@fastmail.example,free,0,208,6,40,community
CUST-003581,Sage Morris,Morgan,Allen,morgan.allen@gmail.example,free,0,209,9,9,community
CUST-003582,Sam Watson,Sam,Scott,sam.scott@corp.example,starter,49,1331,6,16,standard
CUST-003583,Sage Lee,Hayden,Scott,hayden.scott@fastmail.example,free,0,20,8,27,community
CUST-003584,Ravi Campbell,Diego,Peterson,diego.peterson@outlook.example,starter,49,606,3,28,standard
CUST-003585,Sam Howard,Maya,Morris,mayamorris@corp.example,starter,49,160,4,33,standard
CUST-003586,Marcus Martin,Jordan,Stewart,jordan.stewart@outlook.example,pro,199,145,7,19,standard
CUST-003587,Elena Rodriguez,Skyler,Ramirez,skyler_ramirez@corp.example,free,0,995,3,32,community
CUST-003588,Quinn Walker,Hiro,James,hiro.james@fastmail.example,starter,49,1341,6,17,standard
CUST-003589,Ravi Phillips,Kit,Sanchez,kit_sanchez@outlook.example,pro,199,724,5,22,standard
CUST-003590,Theo Allen,Mateus,Phillips,mateusphillips@yahoo.example,free,0,707,8,34,community
CUST-003591,Morgan Hill,Elena,Lee,elenalee@proton.example,starter,49,854,6,14,standard
CUST-003592,Chen Wilson,Logan,Campbell,logan.campbell@proton.example,starter,49,101,0,61,standard
CUST-003593,Alex Ramirez,Ravi,Collins,ravi.collins@proton.example,pro,199,320,6,20,standard
CUST-003594,Sana Adams,Avery,Perez,averyperez@corp.example,free,0,971,8,18,community
CUST-003595,Priya Martin,Kit,Walker,kit.walker@yahoo.example,free,0,1071,8,15,community
CUST-003596,Polaris Networks LLC,Ravi,Rogers,ravi.rogers@company.example,enterprise,4999,981,0,47,white_glove
CUST-003597,Theo Bailey,Noor,Sanchez,noor.sanchez@fastmail.example,free,0,4,4,52,community
CUST-003598,Cameron Torres,Mateus,Reed,mateus.reed@icloud.example,starter,49,473,4,45,standard
CUST-003599,Maya Moore,Diego,Green,diego_green@proton.example,free,0,1088,6,23,community
CUST-003600,Jordan Martin,Avery,Nelson,avery.nelson@proton.example,free,0,379,7,22,community
CUST-003601,Riley Hill,Skyler,Baker,skylerbaker@icloud.example,free,0,291,8,38,community
CUST-003602,Blake Mitchell,Priya,Davis,priyadavis@outlook.example,pro,199,883,3,23,standard
CUST-003603,Xenon Outfitters Studios,Jamie,Richardson,jamierichardson@outlook.example,enterprise,4999,1631,7,0,white_glove
CUST-003604,Owen Stewart,Hayden,Adams,hayden_adams@yahoo.example,free,0,218,8,21,community
CUST-003605,Alex Morgan,Phoenix,King,phoenixking@corp.example,free,0,197,9,14,community
CUST-003606,Chen Adams,Ravi,Ward,raviward@proton.example,starter,49,388,3,53,standard
CUST-003607,Drew Thomas,Sana,Howard,sana.howard@fastmail.example,starter,49,968,3,17,standard
CUST-003608,Riley Watson,Marcus,Campbell,marcus.campbell@proton.example,free,0,120,4,29,community
CUST-003609,Logan Mitchell,Sage,Edwards,sage.edwards@icloud.example,free,0,1740,7,10,community
CUST-003610,Sam Lee,Logan,Bailey,logan.bailey@company.example,free,0,70,1,60,community
CUST-003611,Casey Peterson,Sofia,Young,sofiayoung@gmail.example,starter,49,1435,8,15,standard
CUST-003612,Sana Bell,Sage,Garcia,sage.garcia@gmail.example,starter,49,456,7,20,standard
CUST-003613,Reese Lee,Alex,Moore,alex_moore@gmail.example,free,0,763,5,28,community
CUST-003614,Indigo Johnson,Reese,Bailey,reesebailey@outlook.example,pro,199,1447,6,14,standard
CUST-003615,Indigo Lee,Hiro,Baker,hiro_baker@icloud.example,free,0,574,7,37,community
CUST-003616,Skyler Ward,Drew,Parker,drew.parker@yahoo.example,free,0,94,6,44,community
CUST-003617,Wren Rogers,Priya,Thomas,priya.thomas@gmail.example,free,0,236,7,12,community
CUST-003618,Hayden Ward,Casey,King,casey_king@icloud.example,free,0,88,8,21,community
CUST-003619,Jasmine Lee,Sage,King,sage_king@fastmail.example,free,0,10,9,22,community
CUST-003620,Taylor Watson,Mateus,Lee,mateuslee@corp.example,starter,49,263,6,34,standard
CUST-003621,Jasmine Hill,Quinn,Carter,quinn.carter@yahoo.example,starter,49,393,5,44,standard
CUST-003622,Quinn King,Sofia,Baker,sofia_baker@outlook.example,free,0,140,4,45,community
CUST-003623,Elena Reed,Priya,Anderson,priyaanderson@outlook.example,free,0,1017,7,18,community
CUST-003624,Iris Evans,Hayden,Martinez,hayden.martinez@fastmail.example,free,0,989,7,26,community
CUST-003625,Devin Young,Rowan,Rogers,rowanrogers@company.example,starter,49,1153,5,9,standard
CUST-003626,Taylor Rogers,Iris,Nelson,irisnelson@company.example,free,0,332,3,54,community
CUST-003627,Marcus Parker,Sana,Cook,sana.cook@yahoo.example,free,0,969,3,28,community
CUST-003628,Noor Stewart,Jordan,Lopez,jordan_lopez@outlook.example,free,0,225,2,47,community
CUST-003629,Rowan Richardson,Ari,Cooper,aricooper@corp.example,free,0,319,7,40,community
CUST-003630,Sam Walker,Noor,Thomas,noor_thomas@icloud.example,free,0,952,6,4,community
CUST-003631,Priya Davis,Lin,Hall,lin.hall@proton.example,pro,199,943,6,16,standard
CUST-003632,Jasmine Scott,Theo,Hill,theohill@corp.example,free,0,215,10,10,community
CUST-003633,Wren Allen,Theo,Martin,theomartin@company.example,free,0,155,5,46,community
CUST-003634,Helix Logistics LLC,Maya,Parker,maya_parker@gmail.example,enterprise,4999,765,8,0,white_glove
CUST-003635,Reese Brown,Drew,Bell,drew.bell@company.example,free,0,792,3,13,community
CUST-003636,Kit Adams,Kit,Lee,kit.lee@yahoo.example,starter,49,945,4,34,standard
CUST-003637,Maya Adams,Maya,Ward,mayaward@fastmail.example,starter,49,328,3,42,standard
CUST-003638,Aisha Cook,Sofia,Wilson,sofia_wilson@corp.example,pro,199,932,10,0,standard
CUST-003639,Wren Thomas,Skyler,Jackson,skyler_jackson@gmail.example,free,0,506,6,43,community
CUST-003640,Riley Peterson,Noor,Davis,noor_davis@icloud.example,free,0,9,1,51,community
CUST-003641,Cameron King,Cameron,Bell,cameron.bell@icloud.example,free,0,584,1,51,community
CUST-003642,Indigo Gray,Maya,James,maya.james@company.example,free,0,727,5,39,community
CUST-003643,Ravi Jackson,Maya,Davis,maya_davis@fastmail.example,starter,49,134,6,38,standard
CUST-003644,Drew Moore,Lex,Green,lex_green@corp.example,free,0,1608,7,23,community
CUST-003645,Cameron Evans,Theo,Wright,theo.wright@icloud.example,pro,199,95,4,52,standard
CUST-003646,Sage Watson,Lin,Mitchell,linmitchell@proton.example,starter,49,9,7,12,standard
CUST-003647,Morgan Hall,Taylor,Thomas,taylor.thomas@company.example,pro,199,272,5,21,standard
CUST-003648,Maya Phillips,Priya,Stewart,priya_stewart@company.example,starter,49,1348,7,0,standard
CUST-003649,Jordan Lopez,Indigo,Mitchell,indigo_mitchell@corp.example,starter,49,1312,8,4,standard
CUST-003650,Riley Lopez,Lin,Ward,lin_ward@outlook.example,pro,199,264,7,21,standard
CUST-003651,Sana Mitchell,Lin,Collins,lin_collins@gmail.example,free,0,1349,6,10,community
CUST-003652,Sofia King,Hayden,Richardson,haydenrichardson@outlook.example,starter,49,1489,4,24,standard
CUST-003653,Devin Nelson,Ravi,Watson,raviwatson@outlook.example,starter,49,891,5,29,standard
CUST-003654,Mateus Johnson,Riley,Bell,riley_bell@icloud.example,free,0,1118,8,19,community
CUST-003655,Jordan Rivera,Mateus,Allen,mateus.allen@icloud.example,free,0,1326,4,33,community
CUST-003656,Ravi Moore,Indigo,Smith,indigo_smith@icloud.example,starter,49,1558,7,8,standard
CUST-003657,Hiro Ramirez,Casey,Martin,casey.martin@corp.example,free,0,884,1,43,community
CUST-003658,Riley Cook,Yuki,Johnson,yuki_johnson@fastmail.example,free,0,1485,6,13,community
CUST-003659,Indigo Mitchell,Cameron,Carter,cameroncarter@fastmail.example,starter,49,237,3,48,standard
CUST-003660,Yuki Cox,Reese,Cooper,reesecooper@fastmail.example,free,0,1818,4,12,community
CUST-003661,Reese Hill,Diego,Scott,diego_scott@outlook.example,starter,49,463,7,21,standard
CUST-003662,Aisha Rivera,Noor,Johnson,noorjohnson@gmail.example,starter,49,1035,7,21,standard
CUST-003663,Jasmine Nelson,Phoenix,Thomas,phoenixthomas@gmail.example,free,0,1251,5,19,community
CUST-003664,Avery Lee,Kit,Garcia,kit.garcia@proton.example,starter,49,988,8,9,standard
CUST-003665,Lin Lopez,Maya,Gray,mayagray@gmail.example,free,0,350,8,37,community
CUST-003666,Alex Mitchell,Charlie,Thomas,charlie.thomas@yahoo.example,free,0,807,3,43,community
CUST-003667,Cameron Johnson,Jasmine,Hill,jasmine.hill@fastmail.example,starter,49,1397,2,45,standard
CUST-003668,Aisha Hall,Devin,Lee,devinlee@gmail.example,free,0,2,5,21,community
CUST-003669,Sana Thomas,Alex,Cooper,alex_cooper@yahoo.example,starter,49,22,1,57,standard
CUST-003670,Cameron Nelson,Jamie,King,jamie.king@icloud.example,free,0,261,0,68,community
CUST-003671,Devin Lopez,Devin,Peterson,devin_peterson@fastmail.example,starter,49,863,7,18,standard
CUST-003672,Jamie Jackson,Lex,Torres,lex_torres@outlook.example,starter,49,8,5,23,standard
CUST-003673,Theo Mitchell,Noor,Carter,noorcarter@gmail.example,free,0,150,4,44,community
CUST-003674,Lin Ward,Taylor,Peterson,taylor_peterson@corp.example,starter,49,339,6,29,standard
CUST-003675,Jasmine Ward,Drew,Wright,drewwright@icloud.example,free,0,217,6,31,community
CUST-003676,Lex Collins,Lin,Rivera,linrivera@company.example,free,0,151,7,12,community
CUST-003677,Ravi Cox,Noor,Walker,noor_walker@icloud.example,starter,49,619,9,25,standard
CUST-003678,Sage Reed,Marcus,Morris,marcusmorris@proton.example,pro,199,16,0,49,standard
CUST-003679,Noor Perez,Sofia,Johnson,sofia_johnson@corp.example,free,0,30,6,37,community
CUST-003680,Drew Anderson,Skyler,Carter,skylercarter@proton.example,starter,49,200,7,27,standard
CUST-003681,Noor Evans,Alex,Morris,alexmorris@yahoo.example,starter,49,836,10,0,standard
CUST-003682,Avery Hall,Ari,Allen,ari.allen@outlook.example,starter,49,310,8,24,standard
CUST-003683,Marcus Morgan,Wren,Ward,wrenward@fastmail.example,free,0,140,3,44,community
CUST-003684,Kit Green,Logan,Stewart,loganstewart@proton.example,pro,199,1052,4,10,standard
CUST-003685,Alex Reed,Anya,Collins,anya.collins@icloud.example,free,0,853,6,22,community
CUST-003686,Owen Martinez,Diego,Bailey,diego_bailey@corp.example,free,0,27,4,52,community
CUST-003687,Phoenix James,Charlie,Reed,charlie.reed@corp.example,pro,199,6,10,8,standard
CUST-003688,Lin Walker,Kit,Nelson,kit.nelson@corp.example,starter,49,1306,10,0,standard
CUST-003689,Diego Ward,Lex,Ramirez,lex_ramirez@icloud.example,free,0,662,2,53,community
CUST-003690,Sana Young,Indigo,Richardson,indigo.richardson@yahoo.example,free,0,1,8,19,community
CUST-003691,Devin Wright,Quinn,Ward,quinnward@proton.example,starter,49,438,7,20,standard
CUST-003692,Aisha Bell,Yuki,Martinez,yukimartinez@gmail.example,starter,49,1414,10,0,standard
CUST-003693,Anya Rogers,Hiro,James,hiro_james@company.example,free,0,275,6,35,community
CUST-003694,Cameron Watson,Hayden,Baker,hayden_baker@icloud.example,free,0,312,6,19,community
CUST-003695,Blake Allen,Riley,Walker,riley_walker@company.example,free,0,527,5,32,community
CUST-003696,Yuki Wilson,Owen,Cooper,owen_cooper@proton.example,free,0,69,0,56,community
CUST-003697,Morgan Wilson,Cameron,Adams,cameron.adams@yahoo.example,free,0,910,5,8,community
CUST-003698,Skyler Davis,Quinn,Bailey,quinn.bailey@fastmail.example,starter,49,462,7,14,standard
CUST-003699,Diego Martin,Sofia,Nelson,sofia_nelson@outlook.example,pro,199,908,10,15,standard
CUST-003700,Casey Smith,Mateus,Rivera,mateusrivera@icloud.example,pro,199,1354,7,5,standard
CUST-003701,Hiro Lopez,Lin,Torres,lin_torres@icloud.example,pro,199,348,5,34,standard
CUST-003702,Priya Rogers,Ari,Allen,ari.allen@corp.example,starter,49,618,8,34,standard
CUST-003703,Lane Evans,Casey,Stewart,casey.stewart@icloud.example,free,0,9,7,25,community
CUST-003704,Zenith Logistics Corp.,Noor,Smith,noorsmith@gmail.example,business,799,347,7,21,priority
CUST-003705,Sana Howard,Ravi,Ward,raviward@gmail.example,free,0,241,7,37,community
CUST-003706,Mateus Anderson,Mateus,Nelson,mateusnelson@gmail.example,starter,49,343,7,16,standard
CUST-003707,Mateus Wright,Devin,Morgan,devin.morgan@corp.example,starter,49,24,3,45,standard
CUST-003708,Hiro Rivera,Cameron,Sanchez,cameron.sanchez@corp.example,starter,49,685,7,39,standard
CUST-003709,Sana Parker,Diego,Gray,diegogray@corp.example,pro,199,8,3,54,standard
CUST-003710,Acme Health Studios,Noor,Murphy,noormurphy@yahoo.example,business,799,977,6,20,priority
CUST-003711,Yuki Reed,Maya,Anderson,maya_anderson@outlook.example,free,0,1429,8,0,community
CUST-003712,Jordan Mitchell,Taylor,Evans,taylorevans@fastmail.example,pro,199,148,8,35,standard
CUST-003713,Priya Davis,Sam,Rogers,sam_rogers@yahoo.example,pro,199,325,4,34,standard
CUST-003714,Casey Garcia,Sam,Howard,samhoward@gmail.example,starter,49,1377,5,7,standard
CUST-003715,Owen Carter,Theo,Anderson,theo.anderson@fastmail.example,starter,49,1073,4,28,standard
CUST-003716,Avery Richardson,Jamie,Ward,jamieward@yahoo.example,starter,49,86,5,27,standard
CUST-003717,Lane Young,Diego,Roberts,diego.roberts@fastmail.example,starter,49,135,10,24,standard
CUST-003718,Maya Martin,Sam,Bell,sambell@corp.example,free,0,1326,9,4,community
CUST-003719,Alex Sanchez,Drew,Reed,drewreed@yahoo.example,free,0,104,8,36,community
CUST-003720,Jamie Cook,Cameron,Ramirez,cameronramirez@icloud.example,free,0,13,9,15,community
CUST-003721,Diego Edwards,Iris,Ward,iris.ward@proton.example,free,0,697,8,12,community
CUST-003722,Cameron Rivera,Marcus,Walker,marcus.walker@proton.example,free,0,180,8,16,community
CUST-003723,Sana Gray,Ari,Phillips,ari_phillips@gmail.example,starter,49,657,8,18,standard
CUST-003724,Chen Adams,Marcus,Edwards,marcus.edwards@yahoo.example,free,0,21,4,43,community
CUST-003725,Skyler Richardson,Owen,Hill,owenhill@corp.example,free,0,13,5,46,community
CUST-003726,Ravi Howard,Quinn,Campbell,quinncampbell@fastmail.example,starter,49,1589,10,13,standard
CUST-003727,Taylor Peterson,Cameron,Parker,cameronparker@fastmail.example,pro,199,1534,5,7,standard
CUST-003728,Acme Foods Corp.,Elena,Johnson,elena_johnson@fastmail.example,business,799,1225,8,5,priority
CUST-003729,Sofia Murphy,Ravi,Jackson,ravi_jackson@corp.example,starter,49,1388,7,22,standard
CUST-003730,Riley Campbell,Lin,Lee,lin.lee@fastmail.example,starter,49,236,9,22,standard
CUST-003731,Iris Adams,Lex,Thomas,lex_thomas@fastmail.example,free,0,1787,7,17,community
CUST-003732,Wren Allen,Drew,Walker,drew.walker@yahoo.example,free,0,194,9,10,community
CUST-003733,Maya Thomas,Skyler,Allen,skyler_allen@yahoo.example,free,0,6,10,10,community
CUST-003734,Quinn Rivera,Hiro,Young,hiro.young@yahoo.example,starter,49,1519,4,23,standard
CUST-003735,Maya Campbell,Kit,Cox,kit_cox@outlook.example,starter,49,1577,5,15,standard
CUST-003736,Theo Hill,Diego,Hall,diego.hall@yahoo.example,free,0,1638,4,35,community
CUST-003737,Jasmine Mitchell,Lane,Torres,lane.torres@proton.example,pro,199,7,8,18,standard
CUST-003738,Morgan Johnson,Sana,Murphy,sana.murphy@gmail.example,pro,199,22,4,44,standard
CUST-003739,Sana Thomas,Wren,Garcia,wrengarcia@fastmail.example,free,0,278,7,14,community
CUST-003740,Theo Martinez,Elena,Morgan,elena_morgan@company.example,free,0,821,4,30,community
CUST-003741,Alex Moore,Maya,Gray,mayagray@corp.example,free,0,1063,5,9,community
CUST-003742,Sam Stewart,Noor,Carter,noor_carter@proton.example,free,0,281,10,28,community
CUST-003743,Lane Davis,Phoenix,Murphy,phoenix_murphy@outlook.example,free,0,1026,7,4,community
CUST-003744,Wren Mitchell,Taylor,Carter,taylor_carter@proton.example,starter,49,940,8,18,standard
CUST-003745,Lex Watson,Maya,Murphy,maya_murphy@outlook.example,starter,49,938,7,24,standard
CUST-003746,Noor Gray,Quinn,Rivera,quinnrivera@outlook.example,free,0,463,4,40,community
CUST-003747,Charlie Campbell,Elena,Watson,elenawatson@corp.example,starter,49,108,3,36,standard
CUST-003748,Mateus Rodriguez,Indigo,Watson,indigo_watson@company.example,pro,199,291,2,42,standard
CUST-003749,Priya Davis,Lin,Parker,lin_parker@fastmail.example,free,0,415,9,22,community
CUST-003750,Owen Brown,Phoenix,Wilson,phoenixwilson@outlook.example,free,0,128,4,39,community
CUST-003751,Jordan Bell,Drew,Peterson,drew_peterson@company.example,free,0,8,3,57,community
CUST-003752,Anya Wilson,Wren,Hill,wrenhill@icloud.example,free,0,124,8,14,community
CUST-003753,Quanta Manufacturing Labs,Wren,Richardson,wren_richardson@icloud.example,business,799,1411,5,10,priority
CUST-003754,Chen Garcia,Logan,Torres,logan.torres@fastmail.example,free,0,1659,9,0,community
CUST-003755,Nimbus Outfitters & Co.,Hayden,Martinez,hayden_martinez@icloud.example,enterprise,4999,376,5,42,white_glove
CUST-003756,Ravi Rogers,Quinn,Mitchell,quinnmitchell@icloud.example,pro,199,4,5,32,standard
CUST-003757,Priya Rodriguez,Taylor,Nelson,taylornelson@gmail.example,pro,199,440,7,34,standard
CUST-003758,Iris Moore,Maya,Allen,maya_allen@corp.example,free,0,765,7,2,community
CUST-003759,Maya Murphy,Noor,Morgan,noor.morgan@gmail.example,free,0,1756,6,30,community
CUST-003760,Lane Torres,Quinn,Johnson,quinn.johnson@yahoo.example,free,0,86,5,30,community
CUST-003761,Chen Rodriguez,Iris,Campbell,iris.campbell@fastmail.example,starter,49,28,7,22,standard
CUST-003762,Rowan Thomas,Anya,Rodriguez,anyarodriguez@yahoo.example,pro,199,616,7,27,standard
CUST-003763,Sofia Perez,Rowan,Hall,rowan.hall@icloud.example,starter,49,15,5,49,standard
CUST-003764,Lin James,Wren,Stewart,wren.stewart@proton.example,free,0,535,7,17,community
CUST-003765,Theo Evans,Mateus,Richardson,mateus_richardson@yahoo.example,starter,49,231,7,15,standard
CUST-003766,Acme Energy Corp.,Ravi,Jackson,ravijackson@fastmail.example,business,799,354,3,49,priority
CUST-003767,Anya Morris,Lin,Lee,lin_lee@fastmail.example,free,0,18,3,38,community
CUST-003768,Casey Jackson,Jamie,Cook,jamie.cook@outlook.example,free,0,658,7,41,community
CUST-003769,Riverstone Retail Group,Indigo,Howard,indigo.howard@icloud.example,business,799,4,5,24,priority
CUST-003770,Hayden Lopez,Iris,Bell,iris_bell@company.example,pro,199,591,6,24,standard
CUST-003771,Kit Carter,Jasmine,Morris,jasmine.morris@gmail.example,starter,49,471,7,35,standard
CUST-003772,Jamie Rivera,Marcus,Evans,marcusevans@fastmail.example,free,0,164,5,39,community
CUST-003773,Casey Baker,Lin,Wright,linwright@outlook.example,starter,49,112,9,14,standard
CUST-003774,Jordan Rodriguez,Chen,Reed,chen_reed@outlook.example,pro,199,136,6,33,standard
CUST-003775,Indigo Media Co-op,Priya,James,priyajames@outlook.example,business,799,22,7,20,priority
CUST-003776,Anya Rivera,Wren,Roberts,wren_roberts@gmail.example,starter,49,520,2,47,standard
CUST-003777,Marcus Garcia,Noor,Hall,noor_hall@outlook.example,starter,49,139,2,35,standard
CUST-003778,Theo Edwards,Kit,Wilson,kit_wilson@proton.example,free,0,4,3,35,community
CUST-003779,Taylor Howard,Wren,Martin,wren_martin@icloud.example,free,0,1715,0,27,community
CUST-003780,Sam Young,Casey,Ward,casey_ward@gmail.example,starter,49,297,3,38,standard
CUST-003781,Reese Sanchez,Yuki,Collins,yuki.collins@gmail.example,pro,199,567,10,17,standard
CUST-003782,Keystone Manufacturing LLC,Owen,Rogers,owen_rogers@company.example,business,799,1003,9,0,priority
CUST-003783,Riverstone Outfitters Inc.,Maya,Howard,maya_howard@outlook.example,business,799,636,2,44,priority
CUST-003784,Lane James,Phoenix,Martinez,phoenix_martinez@fastmail.example,starter,49,14,10,6,standard
CUST-003785,Jordan Moore,Sage,Wilson,sage.wilson@fastmail.example,starter,49,228,3,40,standard
CUST-003786,Sage Martinez,Anya,Martinez,anya.martinez@icloud.example,starter,49,1004,4,37,standard
CUST-003787,Diego Rogers,Casey,Morris,caseymorris@fastmail.example,free,0,698,7,32,community
CUST-003788,Marcus Jackson,Chen,Roberts,chenroberts@fastmail.example,starter,49,1288,8,7,standard
CUST-003789,Kit Anderson,Lin,Walker,linwalker@outlook.example,free,0,1210,5,10,community
CUST-003790,Logan Lee,Elena,Ward,elena.ward@company.example,free,0,765,6,10,community
CUST-003791,Owen Johnson,Noor,Campbell,noor.campbell@company.example,pro,199,1322,4,17,standard
CUST-003792,Wren Scott,Theo,Cox,theo_cox@corp.example,free,0,81,5,37,community
CUST-003793,Hayden Garcia,Devin,Martin,devinmartin@proton.example,free,0,332,9,33,community
CUST-003794,Quinn Ramirez,Riley,Garcia,riley.garcia@corp.example,free,0,885,1,45,community
CUST-003795,Summit Capital Works,Jamie,Rivera,jamie.rivera@fastmail.example,enterprise,4999,714,1,60,white_glove
CUST-003796,Jasmine Martin,Lex,Cook,lex_cook@gmail.example,pro,199,175,9,18,standard
CUST-003797,Chen Rivera,Diego,Morgan,diegomorgan@fastmail.example,free,0,1680,9,1,community
CUST-003798,Indigo Richardson,Rowan,Collins,rowan_collins@gmail.example,free,0,145,6,23,community
CUST-003799,Riley Baker,Sage,Bailey,sagebailey@gmail.example,free,0,685,4,52,community
CUST-003800,Lin Smith,Diego,Rivera,diego.rivera@gmail.example,starter,49,1503,8,14,standard
CUST-003801,Blake Adams,Hayden,Ward,hayden_ward@proton.example,starter,49,63,7,23,standard
CUST-003802,Sofia Hall,Jasmine,Hall,jasmine_hall@icloud.example,free,0,694,2,46,community
CUST-003803,Drew Young,Rowan,Peterson,rowan_peterson@icloud.example,free,0,21,2,40,community
CUST-003804,Alex Edwards,Morgan,Rogers,morgan.rogers@proton.example,pro,199,15,2,47,standard
CUST-003805,Reese Howard,Lane,Young,lane.young@gmail.example,starter,49,1095,6,20,standard
CUST-003806,Forge Foods Studios,Sage,Lee,sage_lee@fastmail.example,business,799,197,5,49,priority
CUST-003807,Theo Walker,Sam,Edwards,sam_edwards@proton.example,starter,49,28,4,28,standard
CUST-003808,Sam Sanchez,Anya,Baker,anya_baker@company.example,starter,49,172,8,38,standard
CUST-003809,Lin Morgan,Cameron,Jackson,cameronjackson@icloud.example,free,0,921,7,26,community
CUST-003810,Aisha Lee,Lin,Baker,lin.baker@yahoo.example,pro,199,1525,9,0,standard
CUST-003811,Aisha Cox,Noor,Bailey,noorbailey@fastmail.example,free,0,809,6,11,community
CUST-003812,Lumen Robotics Group,Aisha,Campbell,aisha_campbell@yahoo.example,enterprise,4999,1003,9,19,white_glove
CUST-003813,Casey Sanchez,Taylor,Howard,taylor.howard@gmail.example,free,0,142,7,16,community
CUST-003814,Diego Adams,Kit,Jackson,kit.jackson@fastmail.example,free,0,80,6,16,community
CUST-003815,Jamie Morgan,Cameron,Evans,cameron.evans@outlook.example,starter,49,628,8,25,standard
CUST-003816,Wren Rogers,Rowan,Carter,rowan.carter@yahoo.example,starter,49,1540,7,25,standard
CUST-003817,Jamie Nelson,Rowan,Torres,rowan_torres@yahoo.example,pro,199,1178,7,0,standard
CUST-003818,Priya Bailey,Taylor,Scott,taylor_scott@icloud.example,free,0,1429,2,23,community
CUST-003819,Ari Wilson,Logan,Carter,logan_carter@outlook.example,starter,49,1311,8,18,standard
CUST-003820,Indigo Green,Drew,Adams,drew.adams@corp.example,free,0,1709,4,13,community
CUST-003821,Lumen Outfitters Solutions,Morgan,Carter,morgancarter@fastmail.example,enterprise,4999,14,5,23,white_glove
CUST-003822,Chen Bell,Cameron,Bell,cameron.bell@outlook.example,free,0,862,6,21,community
CUST-003823,Xenon Analytics Partners,Sam,Wright,samwright@gmail.example,enterprise,4999,207,4,41,white_glove
CUST-003824,Indigo Torres,Alex,Murphy,alexmurphy@gmail.example,free,0,965,10,0,community
CUST-003825,Indigo Martin,Logan,Garcia,logangarcia@icloud.example,free,0,341,0,43,community
CUST-003826,Wren Nelson,Casey,Parker,casey_parker@fastmail.example,pro,199,510,5,26,standard
CUST-003827,Theo Ramirez,Sage,Rivera,sage_rivera@icloud.example,starter,49,92,5,29,standard
CUST-003828,Diego Rodriguez,Iris,Allen,iris_allen@fastmail.example,free,0,548,5,37,community
CUST-003829,Lin Wilson,Alex,Wright,alex_wright@company.example,starter,49,452,7,30,standard
CUST-003830,Sofia Rivera,Mateus,Watson,mateus_watson@icloud.example,free,0,5,5,26,community
CUST-003831,Chen Hall,Lex,Murphy,lex_murphy@fastmail.example,free,0,29,10,13,community
CUST-003832,Alex Rivera,Morgan,Green,morgan_green@icloud.example,starter,49,282,10,29,standard
CUST-003833,Charlie Wright,Theo,Young,theo.young@outlook.example,pro,199,301,6,29,standard
CUST-003834,Summit Retail Works,Devin,Moore,devinmoore@proton.example,business,799,290,10,17,priority
CUST-003835,Sofia Watson,Hayden,Peterson,hayden.peterson@fastmail.example,free,0,983,9,2,community
CUST-003836,Phoenix Mitchell,Lin,Cook,lin_cook@corp.example,free,0,185,3,44,community
CUST-003837,Priya Wilson,Jamie,Lopez,jamie.lopez@outlook.example,free,0,128,9,14,community
CUST-003838,Chen Howard,Kit,Parker,kit_parker@icloud.example,starter,49,28,9,9,standard
CUST-003839,Ravi Baker,Lex,Campbell,lex.campbell@icloud.example,free,0,470,4,51,community
CUST-003840,Lane Lopez,Rowan,Morgan,rowanmorgan@gmail.example,free,0,1751,7,12,community
CUST-003841,Diego Carter,Yuki,Garcia,yukigarcia@gmail.example,starter,49,1748,8,12,standard
CUST-003842,Lin Evans,Charlie,Cook,charlie.cook@corp.example,free,0,893,5,26,community
CUST-003843,Iris Bailey,Ravi,Carter,ravicarter@icloud.example,free,0,328,5,38,community
CUST-003844,Sofia Young,Lin,Jackson,lin_jackson@icloud.example,starter,49,144,2,58,standard
CUST-003845,Chen Jackson,Yuki,Cook,yuki_cook@yahoo.example,free,0,49,4,37,community
CUST-003846,Jamie Lee,Priya,Morris,priyamorris@company.example,starter,49,139,2,59,standard
CUST-003847,Logan Cook,Skyler,Jackson,skyler_jackson@gmail.example,free,0,26,6,27,community
CUST-003848,Diego Ramirez,Iris,Collins,iris_collins@company.example,starter,49,57,5,35,standard
CUST-003849,Reese Stewart,Marcus,Carter,marcus.carter@gmail.example,starter,49,883,7,19,standard
CUST-003850,Skyler Bell,Devin,Smith,devin.smith@company.example,starter,49,121,2,50,standard
CUST-003851,Taylor Smith,Sana,Thomas,sana.thomas@corp.example,free,0,1359,4,9,community
CUST-003852,Avery Walker,Jasmine,Watson,jasminewatson@gmail.example,free,0,1276,4,27,community
CUST-003853,Blake Carter,Priya,Roberts,priya.roberts@corp.example,free,0,73,0,62,community
CUST-003854,Yuki Martin,Lin,Rivera,linrivera@yahoo.example,starter,49,1253,1,40,standard
CUST-003855,Reese Nelson,Chen,Scott,chen_scott@gmail.example,starter,49,25,5,35,standard
CUST-003856,Sofia Gray,Wren,Reed,wren.reed@icloud.example,free,0,44,7,27,community
CUST-003857,Wavelength Manufacturing Solutions,Diego,Roberts,diego_roberts@company.example,enterprise,4999,234,9,34,white_glove
CUST-003858,Sage Sanchez,Yuki,Murphy,yuki.murphy@corp.example,starter,49,297,5,42,standard
CUST-003859,Aisha Martin,Theo,Davis,theo.davis@fastmail.example,starter,49,680,0,61,standard
CUST-003860,Polaris Manufacturing Industries,Aisha,Green,aisha_green@gmail.example,enterprise,4999,155,2,43,white_glove
CUST-003861,Alex Rivera,Yuki,Sanchez,yuki.sanchez@outlook.example,starter,49,641,10,17,standard
CUST-003862,Owen Mitchell,Mateus,Gray,mateusgray@icloud.example,free,0,139,0,64,community
CUST-003863,Elena Wilson,Skyler,Jackson,skyler.jackson@outlook.example,starter,49,523,10,17,standard
CUST-003864,Quanta Health & Co.,Indigo,Allen,indigo.allen@company.example,enterprise,4999,833,6,3,white_glove
CUST-003865,Lin Moore,Skyler,Brown,skyler_brown@corp.example,free,0,122,9,11,community
CUST-003866,Rowan Bailey,Ari,Thomas,ari_thomas@yahoo.example,free,0,19,8,25,community
CUST-003867,Phoenix Cooper,Yuki,Parker,yuki.parker@corp.example,free,0,1688,3,37,community
CUST-003868,Theo Gray,Maya,Phillips,maya.phillips@proton.example,free,0,172,4,27,community
CUST-003869,Anya Adams,Morgan,Scott,morganscott@fastmail.example,starter,49,1503,5,12,standard
CUST-003870,Avery Rodriguez,Priya,Anderson,priyaanderson@outlook.example,free,0,228,6,32,community
CUST-003871,Elena Morris,Priya,Bailey,priyabailey@icloud.example,starter,49,7,7,28,standard
CUST-003872,Indigo Retail & Co.,Sana,Martinez,sana.martinez@icloud.example,business,799,698,6,32,priority
CUST-003873,Blake Sanchez,Drew,Peterson,drew_peterson@outlook.example,starter,49,285,4,43,standard
CUST-003874,Cobalt Health Systems,Diego,Baker,diego_baker@icloud.example,business,799,349,5,50,priority
CUST-003875,Yuki Watson,Casey,Brown,casey_brown@proton.example,free,0,31,9,26,community
CUST-003876,Logan Murphy,Drew,Carter,drewcarter@outlook.example,free,0,1341,3,21,community
CUST-003877,Sofia Martin,Ari,Allen,ari_allen@fastmail.example,free,0,16,7,37,community
CUST-003878,Priya Thomas,Mateus,Smith,mateus_smith@fastmail.example,free,0,23,6,22,community
CUST-003879,Phoenix Green,Reese,Allen,reese.allen@corp.example,free,0,1704,5,27,community
CUST-003880,Marcus Phillips,Wren,Martin,wrenmartin@icloud.example,starter,49,469,6,32,standard
CUST-003881,Yuki Cook,Lin,Johnson,linjohnson@gmail.example,free,0,224,3,56,community
CUST-003882,Sofia Jackson,Aisha,Smith,aishasmith@fastmail.example,free,0,157,8,17,community
CUST-003883,Taylor Perez,Priya,Garcia,priyagarcia@outlook.example,pro,199,10,6,25,standard
CUST-003884,Sofia Anderson,Lin,Phillips,lin.phillips@icloud.example,starter,49,1547,3,16,standard
CUST-003885,Jasmine Allen,Charlie,Mitchell,charlie_mitchell@fastmail.example,free,0,288,9,23,community
CUST-003886,Zenith Health Labs,Logan,Young,loganyoung@outlook.example,business,799,1528,4,10,priority
CUST-003887,Noor James,Riley,Cooper,riley.cooper@fastmail.example,free,0,12,9,33,community
CUST-003888,Wren Ward,Devin,Ward,devin_ward@yahoo.example,free,0,121,8,20,community
CUST-003889,Lane Ramirez,Wren,Garcia,wren_garcia@company.example,pro,199,1619,4,24,standard
CUST-003890,Jamie Evans,Owen,Ward,owen_ward@proton.example,free,0,624,6,41,community
CUST-003891,Cameron Garcia,Kit,Wright,kitwright@outlook.example,starter,49,336,1,53,standard
CUST-003892,Noor Carter,Sam,Davis,sam_davis@outlook.example,free,0,1220,3,28,community
CUST-003893,Hayden Carter,Cameron,Richardson,cameron_richardson@outlook.example,pro,199,929,5,34,standard
CUST-003894,Jasmine Jackson,Theo,Thomas,theo.thomas@corp.example,starter,49,271,8,19,standard
CUST-003895,Owen Brown,Lex,Edwards,lex_edwards@company.example,free,0,748,3,29,community
CUST-003896,Sana Collins,Chen,Allen,chen_allen@proton.example,free,0,518,5,48,community
CUST-003897,Alex Allen,Lane,Wright,lane_wright@proton.example,free,0,1331,4,35,community
CUST-003898,Logan Parker,Jordan,Hill,jordanhill@proton.example,free,0,121,9,4,community
CUST-003899,Marcus Cooper,Hayden,Wilson,hayden.wilson@fastmail.example,pro,199,938,5,7,standard
CUST-003900,Sofia James,Morgan,Campbell,morgancampbell@gmail.example,starter,49,253,5,33,standard
CUST-003901,Lex Roberts,Aisha,Carter,aisha_carter@icloud.example,free,0,1295,9,0,community
CUST-003902,Sana Sanchez,Kit,Martinez,kit.martinez@outlook.example,starter,49,278,4,30,standard
CUST-003903,Phoenix Anderson,Noor,Morgan,noor_morgan@fastmail.example,free,0,105,7,40,community
CUST-003904,Iris Edwards,Lex,Peterson,lex.peterson@company.example,free,0,184,8,36,community
CUST-003905,Riley Jackson,Skyler,Rivera,skylerrivera@fastmail.example,pro,199,195,4,43,standard
CUST-003906,Jasmine Martin,Blake,Scott,blake.scott@company.example,free,0,826,5,26,community
CUST-003907,Anya Hall,Iris,Torres,iris.torres@company.example,starter,49,29,4,41,standard
CUST-003908,Phoenix Rodriguez,Alex,Watson,alex.watson@company.example,pro,199,936,1,31,standard
CUST-003909,Ari Morgan,Indigo,Morris,indigo_morris@icloud.example,free,0,567,7,41,community
CUST-003910,Rowan Watson,Sam,Collins,samcollins@fastmail.example,pro,199,29,3,35,standard
CUST-003911,Avery Morgan,Anya,Morris,anyamorris@yahoo.example,free,0,302,5,50,community
CUST-003912,Rowan Evans,Sage,Martinez,sagemartinez@company.example,starter,49,1253,0,30,standard
CUST-003913,Casey Cox,Charlie,Baker,charlie_baker@outlook.example,free,0,1123,5,29,community
CUST-003914,Blake Davis,Lin,Stewart,lin.stewart@fastmail.example,starter,49,686,3,53,standard
CUST-003915,Lex Torres,Noor,Phillips,noorphillips@company.example,free,0,337,3,28,community
CUST-003916,Priya Gray,Jasmine,Morgan,jasmine_morgan@outlook.example,starter,49,213,5,20,standard
CUST-003917,Ravi Evans,Jasmine,Brown,jasmine_brown@yahoo.example,pro,199,315,6,37,standard
CUST-003918,Sage Lee,Sage,Ward,sageward@company.example,starter,49,1046,6,12,standard
CUST-003919,Charlie Cooper,Avery,Thomas,avery_thomas@proton.example,starter,49,18,8,29,standard
CUST-003920,Ari Parker,Lane,Bailey,lanebailey@company.example,starter,49,104,9,25,standard
CUST-003921,Yuki Rogers,Ravi,James,ravijames@outlook.example,pro,199,1394,6,2,standard
CUST-003922,Nimbus Media Corp.,Noor,Edwards,nooredwards@icloud.example,enterprise,4999,863,7,5,white_glove
CUST-003923,Owen Hill,Morgan,Campbell,morgan.campbell@company.example,free,0,989,10,2,community
CUST-003924,Sage Campbell,Ari,Rivera,aririvera@company.example,starter,49,1023,6,14,standard
CUST-003925,Drew Wright,Quinn,Garcia,quinn.garcia@proton.example,starter,49,27,9,26,standard
CUST-003926,Wren Morgan,Lin,Adams,lin_adams@gmail.example,free,0,300,1,47,community
CUST-003927,Meridian Capital Works,Wren,Adams,wren.adams@corp.example,business,799,27,6,18,priority
CUST-003928,Charlie Davis,Devin,Gray,devin_gray@proton.example,starter,49,1045,9,0,standard
CUST-003929,Devin Martin,Riley,Baker,rileybaker@corp.example,free,0,243,7,26,community
CUST-003930,Blake Peterson,Maya,Gray,maya_gray@gmail.example,starter,49,402,4,52,standard
CUST-003931,Anya Brown,Hayden,Evans,haydenevans@company.example,free,0,242,2,32,community
CUST-003932,Sana Cook,Drew,Hall,drew.hall@company.example,free,0,430,4,25,community
CUST-003933,Diego Bell,Lin,Ramirez,linramirez@corp.example,pro,199,1142,7,0,standard
CUST-003934,Devin Campbell,Alex,Brown,alex_brown@fastmail.example,starter,49,420,8,24,standard
CUST-003935,Marcus Hill,Blake,Ward,blake.ward@gmail.example,free,0,812,9,11,community
CUST-003936,Lumen Health Holdings,Jasmine,Cook,jasminecook@outlook.example,business,799,1765,9,0,priority
CUST-003937,Chen Smith,Aisha,Collins,aisha.collins@fastmail.example,free,0,660,2,41,community
CUST-003938,Charlie Howard,Drew,Anderson,drew_anderson@company.example,starter,49,808,3,13,standard
CUST-003939,Diego Morris,Hayden,Ramirez,hayden.ramirez@outlook.example,free,0,1228,8,0,community
CUST-003940,Chen Phillips,Taylor,Carter,taylorcarter@corp.example,free,0,305,7,13,community
CUST-003941,Maya Scott,Drew,Nelson,drew_nelson@outlook.example,pro,199,80,5,39,standard
CUST-003942,Chen Richardson,Wren,Collins,wren.collins@yahoo.example,starter,49,836,5,33,standard
CUST-003943,Noor Young,Lex,Hill,lex_hill@icloud.example,starter,49,280,5,29,standard
CUST-003944,Vector Networks Corp.,Skyler,Torres,skyler_torres@gmail.example,business,799,1700,1,36,priority
CUST-003945,Iris Lee,Avery,Cox,averycox@yahoo.example,pro,199,430,5,48,standard
CUST-003946,Ari Rogers,Charlie,Cook,charlie_cook@gmail.example,free,0,175,4,40,community
CUST-003947,Aisha Howard,Chen,King,chen.king@corp.example,pro,199,130,0,50,standard
CUST-003948,Rowan Morgan,Chen,Cook,chen.cook@yahoo.example,free,0,236,10,21,community
CUST-003949,Jordan Wright,Casey,Wright,casey.wright@company.example,free,0,539,7,33,community
CUST-003950,Aisha Wright,Riley,Martin,rileymartin@outlook.example,starter,49,792,6,17,standard
CUST-003951,Sage Green,Logan,Campbell,logan.campbell@gmail.example,starter,49,184,10,6,standard
CUST-003952,Avery James,Quinn,Gray,quinngray@outlook.example,pro,199,380,6,27,standard
CUST-003953,Phoenix Torres,Sam,Gray,sam_gray@corp.example,pro,199,184,9,13,standard
CUST-003954,Alex Morris,Anya,Brown,anyabrown@icloud.example,free,0,1785,6,16,community
CUST-003955,Yuki Bailey,Hayden,Parker,hayden_parker@company.example,free,0,1353,7,21,community
CUST-003956,Sage Johnson,Wren,Rogers,wren.rogers@icloud.example,pro,199,1556,7,26,standard
CUST-003957,Hiro Martin,Theo,Roberts,theoroberts@gmail.example,pro,199,364,7,33,standard
CUST-003958,Avery Johnson,Iris,Cox,iris_cox@yahoo.example,free,0,22,0,52,community
CUST-003959,Rowan Baker,Yuki,King,yuki_king@yahoo.example,starter,49,74,7,21,standard
CUST-003960,Lin Ramirez,Priya,Wilson,priya_wilson@proton.example,pro,199,1702,9,3,standard
CUST-003961,Ravi Lopez,Marcus,Reed,marcus.reed@outlook.example,starter,49,14,1,54,standard
CUST-003962,Wren Hall,Theo,Murphy,theomurphy@company.example,free,0,1454,8,10,community
CUST-003963,Marcus Parker,Phoenix,Baker,phoenixbaker@icloud.example,starter,49,34,4,53,standard
CUST-003964,Alex Thomas,Indigo,Phillips,indigophillips@corp.example,pro,199,21,5,24,standard
CUST-003965,Wren Anderson,Lex,Bell,lex_bell@yahoo.example,pro,199,339,6,40,standard
CUST-003966,Aisha Rivera,Iris,Bailey,iris_bailey@icloud.example,starter,49,158,7,39,standard
CUST-003967,Hayden Brown,Skyler,Peterson,skylerpeterson@outlook.example,free,0,638,5,50,community
CUST-003968,Sam Allen,Logan,Adams,loganadams@proton.example,free,0,499,8,11,community
CUST-003969,Kit Mitchell,Devin,James,devinjames@yahoo.example,free,0,767,6,9,community
CUST-003970,Owen Howard,Hiro,Campbell,hirocampbell@corp.example,starter,49,130,0,48,standard
CUST-003971,Iris King,Phoenix,Green,phoenix_green@yahoo.example,free,0,1701,5,23,community
CUST-003972,Blake Collins,Quinn,Davis,quinn_davis@outlook.example,free,0,298,5,31,community
CUST-003973,Lex Torres,Maya,Evans,maya.evans@proton.example,starter,49,1385,6,26,standard
CUST-003974,Wren Smith,Jasmine,Edwards,jasmineedwards@company.example,free,0,1286,3,21,community
CUST-003975,Blake King,Sofia,Rodriguez,sofia.rodriguez@outlook.example,free,0,6,6,16,community
CUST-003976,Blake Morris,Alex,Lee,alex.lee@gmail.example,free,0,1204,5,9,community
CUST-003977,Indigo Logistics Studios,Aisha,Green,aisha_green@corp.example,business,799,714,7,31,priority
CUST-003978,Logan Adams,Cameron,Collins,cameron_collins@corp.example,starter,49,1417,7,4,standard
CUST-003979,Cameron Carter,Wren,Peterson,wren_peterson@icloud.example,free,0,10,7,14,community
CUST-003980,Blake Evans,Diego,Parker,diegoparker@corp.example,starter,49,488,4,37,standard
CUST-003981,Owen Martinez,Wren,Lopez,wren.lopez@gmail.example,pro,199,690,7,23,standard
CUST-003982,Sage Edwards,Quinn,Nelson,quinn.nelson@icloud.example,free,0,1088,7,20,community
CUST-003983,Hiro Perez,Lane,Torres,lane_torres@yahoo.example,free,0,183,10,7,community
CUST-003984,Morgan Murphy,Sana,Rogers,sana_rogers@proton.example,free,0,1249,9,3,community
CUST-003985,Hiro Sanchez,Ari,Martin,ari_martin@company.example,pro,199,69,4,37,standard
CUST-003986,Aisha Ramirez,Lex,King,lexking@corp.example,pro,199,361,7,35,standard
CUST-003987,Ari Perez,Reese,Adams,reeseadams@outlook.example,free,0,19,7,12,community
CUST-003988,Skyler Edwards,Taylor,Torres,taylor_torres@icloud.example,free,0,212,6,39,community
CUST-003989,Blake Martinez,Devin,Young,devinyoung@icloud.example,free,0,101,9,32,community
CUST-003990,Kit Anderson,Iris,Edwards,iris.edwards@outlook.example,free,0,1182,9,0,community
CUST-003991,Hiro Sanchez,Sofia,Campbell,sofiacampbell@gmail.example,free,0,1425,5,14,community
CUST-003992,Hiro Nelson,Charlie,Cooper,charlie.cooper@fastmail.example,starter,49,24,7,17,standard
CUST-003993,Sofia Anderson,Kit,Phillips,kitphillips@icloud.example,free,0,998,9,8,community
CUST-003994,Chen Peterson,Phoenix,Richardson,phoenix.richardson@proton.example,free,0,856,9,0,community
CUST-003995,Sam Thomas,Phoenix,Hill,phoenixhill@fastmail.example,starter,49,889,4,14,standard
CUST-003996,Alex Lee,Rowan,Roberts,rowanroberts@company.example,free,0,172,6,21,community
CUST-003997,Quinn Martinez,Priya,Cook,priya.cook@fastmail.example,starter,49,222,4,34,standard
CUST-003998,Blake Hill,Hiro,Wright,hirowright@fastmail.example,pro,199,1490,7,23,standard
CUST-003999,Indigo Hall,Sam,Johnson,samjohnson@yahoo.example,starter,49,608,7,37,standard
